"","ProductTitle","Price","Category","Ratings","Reviews","Description"
"1","1. CyberPowerPC Gamer Xtreme VR Gaming PC, Intel Core i5-13400F 2.5GHz, GeForce RTX 4060 8GB, 16GB DDR5, 1TB PCIe Gen4 SSD, WiFi Ready & Windows 11 Home (GXiVR8060A24)","$897.65","PC",4,"40","CyberPowerPC Gamer Xtreme VR Gaming PC, Intel Core i5-13400F 2.5GHz, GeForce RTX 4060 8GB, 16GB DDR5, 1TB PCIe Gen4 SSD, WiFi Ready & Windows 11 Home (GXiVR8060A24)"
"2","2. iBUYPOWER Slate 8 MESH Gaming PC Computer Desktop SMI7N47S01 (Intel Core i7 14700F CPU, NVIDIA GeForce RTX 4070 Super 12GB GPU, 16GB DDR5 Non-RGB 5200MHz RAM, 2TB NVMe, WiFi Ready, Windows 11 Home)","$1,492.05","PC",4.4,"3,636","iBUYPOWER Slate 8 MESH Gaming PC Computer Desktop SMI7N47S01 (Intel Core i7 14700F CPU, NVIDIA GeForce RTX 4070 Super 12GB GPU, 16GB DDR5 Non-RGB 5200MHz RAM, 2TB NVMe, WiFi Ready, Windows 11 Home)"
"3","3. CyberPowerPC Gamer Xtreme VR Gaming PC, Intel Core i5-13400F 2.5GHz, GeForce RTX 4060 8GB, 16GB DDR5, 1TB PCIe Gen4 SSD, WiFi Ready & Windows 11 Home (GXiVR8060A24)","$897.65","PC",4,"40","CyberPowerPC Gamer Xtreme VR Gaming PC, Intel Core i5-13400F 2.5GHz, GeForce RTX 4060 8GB, 16GB DDR5, 1TB PCIe Gen4 SSD, WiFi Ready & Windows 11 Home (GXiVR8060A24)"
"4","4. CyberPowerPC Gamer Master Gaming PC, AMD Ryzen 7 8700F 4.1GHz, GeForce RTX 4060 Ti 8GB, 16GB DDR5, 1TB PCIe Gen4 SSD, WiFi Ready & Windows 11 Home (GMA2900A)","$1,099.99","PC",4.6,"589","CyberPowerPC Gamer Master Gaming PC, AMD Ryzen 7 8700F 4.1GHz, GeForce RTX 4060 Ti 8GB, 16GB DDR5, 1TB PCIe Gen4 SSD, WiFi Ready & Windows 11 Home (GMA2900A)"
"5","5. GMKtec Mini PC Intel i5-12450H(Turbo 4.4 GHz) 32GB DDR4 1TB M.2 NVMe SSD Windows 11 Pro Mini Computers, USB 3.2, Type-C/WiFi 6, BT5.2, RJ45 2.5G/ 4K Triple Display Desktop PC","$449.99","PC",4.5,"104","GMKtec Mini PC Intel i5-12450H(Turbo 4.4 GHz) 32GB DDR4 1TB M.2 NVMe SSD Windows 11 Pro Mini Computers, USB 3.2, Type-C/WiFi 6, BT5.2, RJ45 2.5G/ 4K Triple Display Desktop PC"
"6","6. Beelink Mini PC AMD Ryzen 7 5800H (8C/16T, Up to 4.4Ghz), 16GB DDR4 RAM 500GB NVMe SSD, SER5 Pro Mini Desktop Computer Support 4K@144Hz/Triple Display/WiFi6/BT5.2/HDMI+DP/Home/Office/Gaming","$329.00","PC",4.5,"158","Beelink Mini PC AMD Ryzen 7 5800H (8C/16T, Up to 4.4Ghz), 16GB DDR4 RAM 500GB NVMe SSD, SER5 Pro Mini Desktop Computer Support 4K@144Hz/Triple Display/WiFi6/BT5.2/HDMI+DP/Home/Office/Gaming"
"7","7. Beelink SER5 Pro Mini PC, AMD Ryzen 7 5800H (8C/16T, up to 4.4GHz), 16GB DDR4 RAM 500GB NVME SSD, SER5 Mini Computer Support 4K@60Hz Triple Display, Dual HDMI, WiFi6, BT5.2, Type-C","$299.00","PC",4.6,"147","Beelink SER5 Pro Mini PC, AMD Ryzen 7 5800H (8C/16T, up to 4.4GHz), 16GB DDR4 RAM 500GB NVME SSD, SER5 Mini Computer Support 4K@60Hz Triple Display, Dual HDMI, WiFi6, BT5.2, Type-C"
"8","8. Beelink New 11th Gen Intel 4-Cores N5095, Mini PC 8GB DDR4 RAM 256GB SSD, Mini Computer Dual HDMI 4K UHD/Gigabit Ethernet/Dual WiFi/BT/for Home/Office","$159.00","PC",4.5,"115","Beelink New 11th Gen Intel 4-Cores N5095, Mini PC 8GB DDR4 RAM 256GB SSD, Mini Computer Dual HDMI 4K UHD/Gigabit Ethernet/Dual WiFi/BT/for Home/Office"
"9","9. Corsair Vengeance i7500 Series Gaming PC - Liquid Cooled Intel Core i7 14700KF CPU - NVIDIA GeForce RTX 4070 Ti Super GPU - 32GB Vengeance RGB DDR5 Memory - 1TB M.2 SSD - White","$2,299.99","PC",4.1,"78","Corsair Vengeance i7500 Series Gaming PC - Liquid Cooled Intel Core i7 14700KF CPU - NVIDIA GeForce RTX 4070 Ti Super GPU - 32GB Vengeance RGB DDR5 Memory - 1TB M.2 SSD - White"
"10","10. STGAubron Gaming Desktop PC Computer, Intel Core I7 3.4 GHz up to 3.9 GHz, Radeon RX 580 8G GDDR5, 16G RAM, 512G SSD, WiFi, Bluetooth 5.0, RGB Fanx6, RGB Mouse Pad, RGB BT Sound Bar, Windows 10 Home","$2,899.99","PC",3.7,"1,239","STGAubron Gaming Desktop PC Computer, Intel Core I7 3.4 GHz up to 3.9 GHz, Radeon RX 580 8G GDDR5, 16G RAM, 512G SSD, WiFi, Bluetooth 5.0, RGB Fanx6, RGB Mouse Pad, RGB BT Sound Bar, Windows 10 Home"
"11","11. STGAubron Prebuilt Gaming PC Desktop, AMD Radeon RX 550 4G GDDR5, Intel Core I5 3.3Ghz up to 3.7Ghz, 16G Ram, 512G SSD, WiFi, BT 5.0, RGB Fan x 3, RGB Mouse Pad, Windows 10 Home","$489.99","PC",3.9,"493","STGAubron Prebuilt Gaming PC Desktop, AMD Radeon RX 550 4G GDDR5, Intel Core I5 3.3Ghz up to 3.7Ghz, 16G Ram, 512G SSD, WiFi, BT 5.0, RGB Fan x 3, RGB Mouse Pad, Windows 10 Home"
"12","12. Dell Optiplex 7050 SFF Desktop PC Intel i7-7700 4-Cores 3.60GHz 32GB DDR4 1TB SSD WiFi BT HDMI Duel Monitor Support Windows 10 Pro Excellent Condition(Renewed)","$429.99","PC",3.9,"2,173","Dell Optiplex 7050 SFF Desktop PC Intel i7-7700 4-Cores 3.60GHz 32GB DDR4 1TB SSD WiFi BT HDMI Duel Monitor Support Windows 10 Pro Excellent Condition(Renewed)"
"13","13. Skytech Archangel Gaming PC Desktop, Ryzen 5 5500 3.6 GHz (4.2GHz Turbo Boost), NVIDIA RTX 3050 (6GB) 6GB GDDR6, 1TB SSD, 16GB DDR4 RAM 3200, 650W Gold PSU, Wi-Fi, Win 11 Home","$237.99","PC",4.8,"6","Skytech Archangel Gaming PC Desktop, Ryzen 5 5500 3.6 GHz (4.2GHz Turbo Boost), NVIDIA RTX 3050 (6GB) 6GB GDDR6, 1TB SSD, 16GB DDR4 RAM 3200, 650W Gold PSU, Wi-Fi, Win 11 Home"
"14","14. Dell OptiPlex Computer Desktop PC, Intel Core i5 3rd Gen 3.2 GHz, 16GB RAM, 2TB HDD, New 22 Inch LED Monitor, RGB Keyboard and Mouse, WiFi, Windows 10 Pro (Renewed)","$779.99","PC",3.6,"2,219","Dell OptiPlex Computer Desktop PC, Intel Core i5 3rd Gen 3.2 GHz, 16GB RAM, 2TB HDD, New 22 Inch LED Monitor, RGB Keyboard and Mouse, WiFi, Windows 10 Pro (Renewed)"
"15","15. LXZ Desktop Computer AMD Ryzen 5 5600G 6 core 3.9GHz, 16G DDR4 RAM, 512G NVME SSD, Tower Computer for Gaming, Home and Office (White)","$199.99","PC",3.3,"4","LXZ Desktop Computer AMD Ryzen 5 5600G 6 core 3.9GHz, 16G DDR4 RAM, 512G NVME SSD, Tower Computer for Gaming, Home and Office (White)"
"16","16. Gaming PC Desktop Intel 12th I5-12400F, 6 core 2.5GHz Desktop Computer, GeForce RTX 3050, 32G DDR4 RAM, 1TB NVME SSD, Prebuilt Tower Computer for Gaming, Home and Office (White)","$429.99","PC",4.4,"5","Gaming PC Desktop Intel 12th I5-12400F, 6 core 2.5GHz Desktop Computer, GeForce RTX 3050, 32G DDR4 RAM, 1TB NVME SSD, Prebuilt Tower Computer for Gaming, Home and Office (White)"
"17","17. STGAubron Gaming PC Desktop, Radeon RX 580 16G GDDR5, Intel Core i7 3.4G up to 3.9G, 16G RAM, 512G SSD, 600M WiFi, BT 5.0, RGB Fan x 2, RGB Mouse Pad, RGB BT Sound Bar, Windows 10 Home","$859.99","PC",3.6,"238","STGAubron Gaming PC Desktop, Radeon RX 580 16G GDDR5, Intel Core i7 3.4G up to 3.9G, 16G RAM, 512G SSD, 600M WiFi, BT 5.0, RGB Fan x 2, RGB Mouse Pad, RGB BT Sound Bar, Windows 10 Home"
"18","18. Skytech Archangel Gaming PC Desktop, Ryzen 7 5700 3.7 GHz (4.6GHz Turbo Boost), AMD RX 6600 8GB GDDR6, 1TB SSD, 16GB DDR4 RAM 3200, 650W Gold PSU, Wi-Fi, Win 11 Home","$459.99","PC",4.4,"71","Skytech Archangel Gaming PC Desktop, Ryzen 7 5700 3.7 GHz (4.6GHz Turbo Boost), AMD RX 6600 8GB GDDR6, 1TB SSD, 16GB DDR4 RAM 3200, 650W Gold PSU, Wi-Fi, Win 11 Home"
"19","19. Dell RGB Gaming Desktop Computer, Intel Quad Core I5-6500 up to 3.6GHz, Radeon RX 550 4G GDDR5, 16GB Memory, 512G SSD, RGB Keyboard & Mouse, 600M WiFi & Bluetooth 5.0, Win 10 Pro (Renewed)","$949.99","PC",4,"3,750","Dell RGB Gaming Desktop Computer, Intel Quad Core I5-6500 up to 3.6GHz, Radeon RX 550 4G GDDR5, 16GB Memory, 512G SSD, RGB Keyboard & Mouse, 600M WiFi & Bluetooth 5.0, Win 10 Pro (Renewed)"
"20","20. Skytech Nebula Gaming PC Desktop, Ryzen 5 5500 3.6 GHz (4.2GHz Turbo Boost), NVIDIA RTX 3050 8GB GDDR6, 500GB SSD, 16GB DDR4 RAM 3200, 650W Gold PSU, Wi-Fi, Win 11","$251.99","PC",4.5,"635","Skytech Nebula Gaming PC Desktop, Ryzen 5 5500 3.6 GHz (4.2GHz Turbo Boost), NVIDIA RTX 3050 8GB GDDR6, 500GB SSD, 16GB DDR4 RAM 3200, 650W Gold PSU, Wi-Fi, Win 11"
"21","21. CyberPowerPC Gamer Xtreme VR Gaming PC, Intel Core Ultra 9 285K 3.7GHz, GeForce RTX 4070 Super 12GB, 32GB DDR5, 1TB PCIe 4.0 SSD, WiFi Ready & Windows 11 Home (GXiVR8780A5)","$749.99","PC",4.5,"32","CyberPowerPC Gamer Xtreme VR Gaming PC, Intel Core Ultra 9 285K 3.7GHz, GeForce RTX 4070 Super 12GB, 32GB DDR5, 1TB PCIe 4.0 SSD, WiFi Ready & Windows 11 Home (GXiVR8780A5)"
"22","22. Skytech Gaming Nebula Gaming PC Desktop – AMD Ryzen 5 3600 3.6 GHz, NVIDIA GTX 1650, 500GB NVME SSD, 16GB DDR4 RAM 3200, 600W Gold PSU, 11AC Wi-Fi, Windows 11 Home 64-bit,Black","$1,969.99","PC",4.5,"514","Skytech Gaming Nebula Gaming PC Desktop – AMD Ryzen 5 3600 3.6 GHz, NVIDIA GTX 1650, 500GB NVME SSD, 16GB DDR4 RAM 3200, 600W Gold PSU, 11AC Wi-Fi, Windows 11 Home 64-bit,Black"
"23","23. Skytech Nebula Gaming PC Desktop, Intel i3 10105F 3.7 GHz (4.4GHz Turbo Boost), NVIDIA GTX 1650 4GB GDDR6, 500GB SSD, 16GB DDR4 RAM 3200, 650W Gold PSU, Wi-Fi, Win 11 Home","$738.04","PC",4.4,"12","Skytech Nebula Gaming PC Desktop, Intel i3 10105F 3.7 GHz (4.4GHz Turbo Boost), NVIDIA GTX 1650 4GB GDDR6, 500GB SSD, 16GB DDR4 RAM 3200, 650W Gold PSU, Wi-Fi, Win 11 Home"
"24","24. Apevia Prism-WH Prism Micro-ATX Gaming PC Cube Case w/ 5X 120mm ARGB Fans, 366 RGB Modes, Dual Tempered Glass Panels, 240mm Radiator Support, 1X USB3.0, 2X USB 2.0, HD Audio Port, White","$599.99","PC",4.4,"755","Apevia Prism-WH Prism Micro-ATX Gaming PC Cube Case w/ 5X 120mm ARGB Fans, 366 RGB Modes, Dual Tempered Glass Panels, 240mm Radiator Support, 1X USB3.0, 2X USB 2.0, HD Audio Port, White"
"25","25. JONSBO D31 MESH SC Black Micro ATX PC Case with Screen, M-ATX/ITX Motherboard/Support RTX 4090(335-400mm) GPU 360/280AIO,Power ATX/SFX: 100mm-220mm Multiple Tool-Free Design Computer case","$79.99","PC",4.6,"145","JONSBO D31 MESH SC Black Micro ATX PC Case with Screen, M-ATX/ITX Motherboard/Support RTX 4090(335-400mm) GPU 360/280AIO,Power ATX/SFX: 100mm-220mm Multiple Tool-Free Design Computer case"
"26","26. STGAubron Gaming Desktop, Radeon RX 470 8G, Intel Quad Core i7 up to 3.9G, 16G RAM, 512G SSD, 600M WiFi, BT 5.0, RGB Fan x 3, RGB Mouse Pad, Windows 10 Home, White, for Gamer, Streaming","$144.30","PC",2.9,"5","STGAubron Gaming Desktop, Radeon RX 470 8G, Intel Quad Core i7 up to 3.9G, 16G RAM, 512G SSD, 600M WiFi, BT 5.0, RGB Fan x 3, RGB Mouse Pad, Windows 10 Home, White, for Gamer, Streaming"
"27","27. Laptop Screen Extender, 15.6'' Laptop Monitor Extender with 86% NTSC FHD 1080P Display, Detachable Triple Portable Monitor Compatible with Windows/Mac/DeX/Chrome, Also Works with Desktop/Mini PC","$439.99","PC",4.5,"146","Laptop Screen Extender, 15.6'' Laptop Monitor Extender with 86% NTSC FHD 1080P Display, Detachable Triple Portable Monitor Compatible with Windows/Mac/DeX/Chrome, Also Works with Desktop/Mini PC"
"28","28. SANSUI 32 Inch Curved 240Hz Gaming Monitor High Refresh Rate, FHD 1080P Gaming PC Monitor HDMI 2.1×2, DP 1.4×2, Curved 1500R, 1ms(OD), HDR, VESA Compatible (ES-G32C3F One DP Cable Included)","$399.00","PC",4.4,"1,550","SANSUI 32 Inch Curved 240Hz Gaming Monitor High Refresh Rate, FHD 1080P Gaming PC Monitor HDMI 2.1×2, DP 1.4×2, Curved 1500R, 1ms(OD), HDR, VESA Compatible (ES-G32C3F One DP Cable Included)"
"29","29. Z-Edge 30 inch 144Hz/200Hz Curved Gaming Monitor, 1080P Computer Monitor, UG30 21:9 Ultra Wide, 1500R/1ms MPRT, Frameless/Slim PC Monitor with HDMI/DP Display Port, Freesync Compatible, VESA","$259.99","PC",4.3,"647","Z-Edge 30 inch 144Hz/200Hz Curved Gaming Monitor, 1080P Computer Monitor, UG30 21:9 Ultra Wide, 1500R/1ms MPRT, Frameless/Slim PC Monitor with HDMI/DP Display Port, Freesync Compatible, VESA"
"30","30. INNOCN 15.6 inch Portable Monitor 15A1F | OLED | 1080P FHD | USB C, HDMI | Laptop Monitor, Computer Display, Gaming Monitor | HDR, Detachable Stand, Speakers","$199.99","PC",4.3,"186","INNOCN 15.6 inch Portable Monitor 15A1F | OLED | 1080P FHD | USB C, HDMI | Laptop Monitor, Computer Display, Gaming Monitor | HDR, Detachable Stand, Speakers"
"31","1. KAER RX580 8GB Graphics Card GDDR5 256bit Computer Graphics Card with Dual Fans 1284/7000MHz,PCI Express 3.0 Gaming Graphics Card, DVI HDMI DP Desktop","$99.98","Graphics Card",4.3,"180","KAER RX580 8GB Graphics Card GDDR5 256bit Computer Graphics Card with Dual Fans 1284/7000MHz,PCI Express 3.0 Gaming Graphics Card, DVI HDMI DP Desktop"
"32","2. Radeon RX560 4G Graphics Card, with 6 HDMI Monitor Graphics Card,Computer PC GPU GDDR5 128 Bit DirectX 12 PCI Express X16 3.0, DisplayPort Low-Profile Video Cards (AMD RX560 4G 4HDMI)","$109.99","Graphics Card",5,"2","Radeon RX560 4G Graphics Card, with 6 HDMI Monitor Graphics Card,Computer PC GPU GDDR5 128 Bit DirectX 12 PCI Express X16 3.0, DisplayPort Low-Profile Video Cards (AMD RX560 4G 4HDMI)"
"33","3. MSI Gaming GeForce RTX 3060 12GB 15 Gbps GDRR6 192-Bit HDMI/DP PCIe 4 Torx Twin Fan Ampere OC Graphics Card","$119.99","Graphics Card",4.7,"3,486","MSI Gaming GeForce RTX 3060 12GB 15 Gbps GDRR6 192-Bit HDMI/DP PCIe 4 Torx Twin Fan Ampere OC Graphics Card"
"34","4. ASUS TUF Gaming GeForce RTX™ 4060 Ti OC Edition Gaming Graphics Card (PCIe 4.0, 8GB GDDR6, DLSS 3, HDMI 2.1a, DisplayPort 1.4a)","$284.98","Graphics Card",4.7,"964","ASUS TUF Gaming GeForce RTX™ 4060 Ti OC Edition Gaming Graphics Card (PCIe 4.0, 8GB GDDR6, DLSS 3, HDMI 2.1a, DisplayPort 1.4a)"
"35","5. GIGABYTE GeForce RTX 3060 Gaming OC 12G (REV2.0) Graphics Card, 3X WINDFORCE Fans, 12GB 192-bit GDDR6, GV-N3060GAMING OC-12GD Video Card","$439.99","Graphics Card",4.7,"2,649","GIGABYTE GeForce RTX 3060 Gaming OC 12G (REV2.0) Graphics Card, 3X WINDFORCE Fans, 12GB 192-bit GDDR6, GV-N3060GAMING OC-12GD Video Card"
"36","6. KAER RX580 8GB Graphics Card GDDR5 256bit Computer Graphics Card with Dual Fans 1284/7000MHz,PCI Express 3.0 Gaming Graphics Card, DVI HDMI DP Desktop","$279.00","Graphics Card",4.3,"180","KAER RX580 8GB Graphics Card GDDR5 256bit Computer Graphics Card with Dual Fans 1284/7000MHz,PCI Express 3.0 Gaming Graphics Card, DVI HDMI DP Desktop"
"37","7. GeForce GT 730 4G Low Profile Graphics Card, 2X HDMI, DP, VGA, DDR3, PCI Express 2.0 x8, Entry Level GPU for PC, SFF and HTPC, Compatible with Windows 11","$319.99","Graphics Card",4.4,"38","GeForce GT 730 4G Low Profile Graphics Card, 2X HDMI, DP, VGA, DDR3, PCI Express 2.0 x8, Entry Level GPU for PC, SFF and HTPC, Compatible with Windows 11"
"38","8. GTX 750Ti Graphics Card, 2GB GDDR5 128bit Direct X12 640SP Gaming Video Card, PCI Express 3.0x16 Interface, HDMI, DVI-D, VGA, Single Fan, Low Power GPU for Working Gaming","$99.98","Graphics Card",4.3,"15","GTX 750Ti Graphics Card, 2GB GDDR5 128bit Direct X12 640SP Gaming Video Card, PCI Express 3.0x16 Interface, HDMI, DVI-D, VGA, Single Fan, Low Power GPU for Working Gaming"
"39","9. XUANMO NVIDIA GeForce 2.0 GT610 low profile PC 2GB graphics card 64bit 810MHZ, 2560x1600 PC Video Card, PCI Express 2.0, DVI VGA HDMI Video Gaming Graphics Card","$109.99","Graphics Card",4.4,"42","XUANMO NVIDIA GeForce 2.0 GT610 low profile PC 2GB graphics card 64bit 810MHZ, 2560x1600 PC Video Card, PCI Express 2.0, DVI VGA HDMI Video Gaming Graphics Card"
"40","10. GeForce GTX 1660 Ti Graphics Card, 6GB GDDR6 192bit Video Card for Gaming GPU PCIe 3.0 x16 DP HDMI DVI 1080P 2K Game PC Card 1660ti 4K 8K Display (GTX 1660 Ti - Red)","$89.99","Graphics Card",4.1,"37","GeForce GTX 1660 Ti Graphics Card, 6GB GDDR6 192bit Video Card for Gaming GPU PCIe 3.0 x16 DP HDMI DVI 1080P 2K Game PC Card 1660ti 4K 8K Display (GTX 1660 Ti - Red)"
"41","11. ASUS The SFF-Ready Prime GeForce RTX 4070 Super OC Edition 12GB GDDR6X Graphics Card (PCIe® 4.0, 12GB GDDR6X, DLSS 3, HDMI 2.1a, DisplayPort™ 1.4a)","$75.99","Graphics Card",4.8,"1,871","ASUS The SFF-Ready Prime GeForce RTX 4070 Super OC Edition 12GB GDDR6X Graphics Card (PCIe® 4.0, 12GB GDDR6X, DLSS 3, HDMI 2.1a, DisplayPort™ 1.4a)"
"42","12. ASUS ROG Strix GeForce RTX™ 4060 OC Edition Gaming Graphics Card (PCIe 4.0, 8GB GDDR6, DLSS 3, HDMI 2.1a, DisplayPort 1.4a, Axial-tech Fan Design, Aura Sync, 0dB Technology)","$84.99","Graphics Card",4.7,"2,332","ASUS ROG Strix GeForce RTX™ 4060 OC Edition Gaming Graphics Card (PCIe 4.0, 8GB GDDR6, DLSS 3, HDMI 2.1a, DisplayPort 1.4a, Axial-tech Fan Design, Aura Sync, 0dB Technology)"
"43","13. GIGABYTE GeForce RTX 3050 WINDFORCE OC 6G Graphics Card, 2X WINDFORCE Fans, 6GB GDDR6 96-bit GDDR6, GV-N3050WF2OC-6GD Video Card","$34.00","Graphics Card",4.5,"116","GIGABYTE GeForce RTX 3050 WINDFORCE OC 6G Graphics Card, 2X WINDFORCE Fans, 6GB GDDR6 96-bit GDDR6, GV-N3050WF2OC-6GD Video Card"
"44","14. ASUS Dual NVIDIA GeForce RTX 3050 6GB OC Edition Gaming Graphics Card - PCIe 4.0, 6GB GDDR6 Memory, HDMI 2.1, DisplayPort 1.4a, 2-Slot Design, Axial-tech Fan Design, 0dB Technology, Steel Bracket","$189.99","Graphics Card",4.6,"882","ASUS Dual NVIDIA GeForce RTX 3050 6GB OC Edition Gaming Graphics Card - PCIe 4.0, 6GB GDDR6 Memory, HDMI 2.1, DisplayPort 1.4a, 2-Slot Design, Axial-tech Fan Design, 0dB Technology, Steel Bracket"
"45","15. GIGABYTE Radeon RX 7600 XT Gaming OC 16G Graphics Card, 3X WINDFORCE Fans 16GB 128-bit GDDR6, GV-R76XTGAMING OC-16GD Video Card","$639.99","Graphics Card",4.5,"160","GIGABYTE Radeon RX 7600 XT Gaming OC 16G Graphics Card, 3X WINDFORCE Fans 16GB 128-bit GDDR6, GV-R76XTGAMING OC-16GD Video Card"
"46","16. XFX Speedster SWFT 210 Radeon RX 6600 CORE Gaming Graphics Card with 8GB GDDR6 HDMI 3xDP, AMD RDNA 2 RX-66XL8LFDQ","$369.99","Graphics Card",4.5,"12,129","XFX Speedster SWFT 210 Radeon RX 6600 CORE Gaming Graphics Card with 8GB GDDR6 HDMI 3xDP, AMD RDNA 2 RX-66XL8LFDQ"
"47","17. RX 5500 XT 8gb GDDR6 Graphics Card,128 Bit, 2XDP, HDMI, PCI Express 4.0X8, 8pin with Fan Intelligent System,Gaming PC Computer Video Cards with 2X DisplayPort +1X HDMI (Style 2)","$389.99","Graphics Card",4.2,"237","RX 5500 XT 8gb GDDR6 Graphics Card,128 Bit, 2XDP, HDMI, PCI Express 4.0X8, 8pin with Fan Intelligent System,Gaming PC Computer Video Cards with 2X DisplayPort +1X HDMI (Style 2)"
"48","18. MSI GeForce RTX 4070 Ti Super 16G Ventus 3X Black OC Graphics Card (NVIDIA RTX 4070 Ti Super, 256-Bit, Extreme Clock: 2655 MHz, 16GB GDRR6X 21Gbps, HDMI/DP, Ada Lovelace Architecture)","$152.99","Graphics Card",4.4,"81","MSI GeForce RTX 4070 Ti Super 16G Ventus 3X Black OC Graphics Card (NVIDIA RTX 4070 Ti Super, 256-Bit, Extreme Clock: 2655 MHz, 16GB GDRR6X 21Gbps, HDMI/DP, Ada Lovelace Architecture)"
"49","19. ASUS The SFF-Ready Prime GeForce RTX™ 4070 Ti Super OC Edition 16GB GDDR6X Graphics Card (PCIe® 4.0, 16GB GDDR6X, DLSS 3, HDMI 2.1a, DisplayPort™ 1.4a)","$179.99","Graphics Card",4.7,"1,246","ASUS The SFF-Ready Prime GeForce RTX™ 4070 Ti Super OC Edition 16GB GDDR6X Graphics Card (PCIe® 4.0, 16GB GDDR6X, DLSS 3, HDMI 2.1a, DisplayPort™ 1.4a)"
"50","20. MSI Gaming GeForce RTX 4070 Ventus 3X E1 12G OC Graphics Card (Ada Lovelace Architecture, Extreme Clock: 2520 MHz, Memory Speed: 20 Gbps, 12GB GDDR6, 192-bit, DP/HDMI)","$164.99","Graphics Card",5,"6","MSI Gaming GeForce RTX 4070 Ventus 3X E1 12G OC Graphics Card (Ada Lovelace Architecture, Extreme Clock: 2520 MHz, Memory Speed: 20 Gbps, 12GB GDDR6, 192-bit, DP/HDMI)"
"51","21. GIGABYTE GV-R76GAMING OC-8GD Radeon RX 7600 Gaming OC 8G Graphics Card, 3X WINDFORCE Fans 8GB 128-bit GDDR6, Video Card","$179.99","Graphics Card",4.6,"333","GIGABYTE GV-R76GAMING OC-8GD Radeon RX 7600 Gaming OC 8G Graphics Card, 3X WINDFORCE Fans 8GB 128-bit GDDR6, Video Card"
"52","22. RX 580 Graphics Card 8GB 2048SP, GDDR5, 256 Bit, Pc Gaming Video Card, 3*DP, HDMI, PCI Express 3.0 with Freeze Fan Stop for Desktop Computer GPU for Gaming PC","$314.99","Graphics Card",5,"1","RX 580 Graphics Card 8GB 2048SP, GDDR5, 256 Bit, Pc Gaming Video Card, 3*DP, HDMI, PCI Express 3.0 with Freeze Fan Stop for Desktop Computer GPU for Gaming PC"
"53","23. XFX Speedster SWFT319 AMD Radeon RX 6800 Gaming Graphics Card with 16GB GDDR6, AMD RDNA 2 RX-68XLAQBD9","$329.99","Graphics Card",4.5,"8,632","XFX Speedster SWFT319 AMD Radeon RX 6800 Gaming Graphics Card with 16GB GDDR6, AMD RDNA 2 RX-68XLAQBD9"
"54","24. PowerColor Fighter AMD Radeon RX 6600 Graphics Card with 8GB GDDR6 Memory","$200.62","Graphics Card",4.5,"4,541","PowerColor Fighter AMD Radeon RX 6600 Graphics Card with 8GB GDDR6 Memory"
"55","25. RX 5700 XT Graphics Card, AMD Radeon RX 5700 XT 8GB GDDR6 2560SP 256bit PCI-e 4.0 x16 GPU Computer Graphics Cards, HDMI/DisplayPort*3 Interface, Video Cards Support Up to 8K","$279.99","Graphics Card",5,"1","RX 5700 XT Graphics Card, AMD Radeon RX 5700 XT 8GB GDDR6 2560SP 256bit PCI-e 4.0 x16 GPU Computer Graphics Cards, HDMI/DisplayPort*3 Interface, Video Cards Support Up to 8K"
"56","26. maxsun GeForce RTX 4060 iCraft OC ACGN Limited Edition 8GB GDDR6 (PCIe 4.0, DLSS 3.5, HDMI 2.1, DisplayPort 1.4a, RGB, Anime White GPU)","$184.99","Graphics Card",4.4,"42","maxsun GeForce RTX 4060 iCraft OC ACGN Limited Edition 8GB GDDR6 (PCIe 4.0, DLSS 3.5, HDMI 2.1, DisplayPort 1.4a, RGB, Anime White GPU)"
"57","27. RX 580 8GB Graphics Card, 2048SP,GDDR5,256 Bit Graphics Card for Gaming PC,PCIE 3.0,Twin Freeze Fans Computer Video Card with HDMI/DP/Ports（Style 1）","$839.99","Graphics Card",4,"318","RX 580 8GB Graphics Card, 2048SP,GDDR5,256 Bit Graphics Card for Gaming PC,PCIE 3.0,Twin Freeze Fans Computer Video Card with HDMI/DP/Ports（Style 1）"
"58","28. RX 580 Graphics Card 8GB 2048SP, GDDR5, 256 Bit, Pc Gaming Video Card, 3*DP, HDMI, PCI Express 3.0 with Freeze Fan Stop for Desktop Computer GPU for Gaming PC","$99.95","Graphics Card",5,"1","RX 580 Graphics Card 8GB 2048SP, GDDR5, 256 Bit, Pc Gaming Video Card, 3*DP, HDMI, PCI Express 3.0 with Freeze Fan Stop for Desktop Computer GPU for Gaming PC"
"59","29. maxsun AMD Radeon RX 550 4GB GDDR5 ITX Computer PC Gaming Video Graphics Card GPU 128-Bit DirectX 12 PCI Express X16 3.0 DVI-D Dual Link, HDMI, DisplayPort","$83.99","Graphics Card",4.3,"1,310","maxsun AMD Radeon RX 550 4GB GDDR5 ITX Computer PC Gaming Video Graphics Card GPU 128-Bit DirectX 12 PCI Express X16 3.0 DVI-D Dual Link, HDMI, DisplayPort"
"60","30. GIGABYTE Radeon RX 7800 XT Gaming OC 16G Graphics Card, 3X WINDFORCE Fans 16GB 256-bit GDDR6, GV-R78XTGAMING OC-16GD Video Card","$489.00","Graphics Card",4.6,"168","GIGABYTE Radeon RX 7800 XT Gaming OC 16G Graphics Card, 3X WINDFORCE Fans 16GB 256-bit GDDR6, GV-R78XTGAMING OC-16GD Video Card"
"61","1. Amazon Basics Wired Keyboard, Full-Sized, QWERTY Layout, Black","$20.89","Keyboard",4.5,"7,957","Amazon Basics Wired Keyboard, Full-Sized, QWERTY Layout, Black"
"62","2. CHERRY Stream Keyboard Wired USB SX Scissors Mechanism QWERTY Whisper-Quiet Silent Keystroke for Home Office, Work or Personal Computer. Black","$24.99","Keyboard",4.5,"1,538","CHERRY Stream Keyboard Wired USB SX Scissors Mechanism QWERTY Whisper-Quiet Silent Keystroke for Home Office, Work or Personal Computer. Black"
"63","3. Corsair K70 RGB PRO Wired Mechanical Gaming Keyboard (Cherry MX RGB Red Switches: Linear and Fast, 8,000Hz Hyper-Polling, PBT Double-Shot PRO Keycaps, Soft-Touch Palm Rest) QWERTY, NA - Black","$35.00","Keyboard",4.6,"6,247","Corsair K70 RGB PRO Wired Mechanical Gaming Keyboard (Cherry MX RGB Red Switches: Linear and Fast, 8,000Hz Hyper-Polling, PBT Double-Shot PRO Keycaps, Soft-Touch Palm Rest) QWERTY, NA - Black"
"64","4. Amazon Basics Wired Keyboard, Full-Sized, QWERTY Layout, Black","$129.99","Keyboard",4.5,"7,957","Amazon Basics Wired Keyboard, Full-Sized, QWERTY Layout, Black"
"65","5. Redragon S101 Gaming Keyboard, M601 Mouse, RGB Backlit Gaming Keyboard, Programmable Backlit Gaming Mouse, Value Combo Set [New Version]","$169.99","Keyboard",4.6,"46,060","Redragon S101 Gaming Keyboard, M601 Mouse, RGB Backlit Gaming Keyboard, Programmable Backlit Gaming Mouse, Value Combo Set [New Version]"
"66","6. Logitech G915 LIGHTSPEED RGB Mechanical Gaming Keyboard, Low Profile GL Clicky Key Switch, LIGHTSYNC RGB, Advanced LIGHTSPEED Wireless and Bluetooth Support - Clicky,Black","$20.89","Keyboard",4.4,"13,978","Logitech G915 LIGHTSPEED RGB Mechanical Gaming Keyboard, Low Profile GL Clicky Key Switch, LIGHTSYNC RGB, Advanced LIGHTSPEED Wireless and Bluetooth Support - Clicky,Black"
"67","7. ARZOPA 75% Mechanical Gaming Keyboard Wired, Rainbow Backlit 81 Keys Gasket Mount PC Gaming Keyboard, Compact Mechanical Keyboard, One Knob Volume Control, Sound Absorbing Pads, Linear Red Switch-K81","$39.99","Keyboard",4.5,"73","ARZOPA 75% Mechanical Gaming Keyboard Wired, Rainbow Backlit 81 Keys Gasket Mount PC Gaming Keyboard, Compact Mechanical Keyboard, One Knob Volume Control, Sound Absorbing Pads, Linear Red Switch-K81"
"68","8. ASUS ROG Azoth 75% Wireless DIY Custom Gaming Keyboard, OLED Display, Three-Layer Dampening, Hot-Swappable ROG NX Snow Switches & Keyboard Stabilizers, PBT Keycaps, RGB-White","$56.26","Keyboard",4.6,"760","ASUS ROG Azoth 75% Wireless DIY Custom Gaming Keyboard, OLED Display, Three-Layer Dampening, Hot-Swappable ROG NX Snow Switches & Keyboard Stabilizers, PBT Keycaps, RGB-White"
"69","9. Wireless Keyboard and Mouse Combo, 104 Keys Full-Sized 2.4 GHz Round Keycap Colorful Keyboards, USB Receiver Plug and Play, for Windows, PC, Laptop, Desktop (Milk Tea)","$51.99","Keyboard",4.4,"638","Wireless Keyboard and Mouse Combo, 104 Keys Full-Sized 2.4 GHz Round Keycap Colorful Keyboards, USB Receiver Plug and Play, for Windows, PC, Laptop, Desktop (Milk Tea)"
"70","10. CHERRY Stream Keyboard Wired USB SX Scissors Mechanism QWERTY Whisper-Quiet Silent Keystroke for Home Office, Work or Personal Computer. Black","$229.99","Keyboard",4.5,"1,538","CHERRY Stream Keyboard Wired USB SX Scissors Mechanism QWERTY Whisper-Quiet Silent Keystroke for Home Office, Work or Personal Computer. Black"
"71","11. SteelSeries Apex 3 TKL RGB Gaming Keyboard – Tenkeyless Compact Form Factor - 8-Zone RGB Illumination – IP32 Water & Dust Resistant – Whisper Quiet Gaming Switch – Gaming Grade Anti-Ghosting,Black","$249.99","Keyboard",4.5,"1,638","SteelSeries Apex 3 TKL RGB Gaming Keyboard – Tenkeyless Compact Form Factor - 8-Zone RGB Illumination – IP32 Water & Dust Resistant – Whisper Quiet Gaming Switch – Gaming Grade Anti-Ghosting,Black"
"72","12. Amazon Basics Wireless Keyboard and Mouse Combo - Rechargeable, Ultra Slim Design, Quiet, Full Size, Number Pad, QWERTY, Black","$39.99","Keyboard",4.1,"584","Amazon Basics Wireless Keyboard and Mouse Combo - Rechargeable, Ultra Slim Design, Quiet, Full Size, Number Pad, QWERTY, Black"
"73","13. MageGee Portable 60% Mechanical Gaming Keyboard, MK-Box LED Backlit Compact 68 Keys Mini Wired Office Keyboard with Red Switch for Windows Laptop PC Mac - Black/Grey","$24.99","Keyboard",4.4,"8,284","MageGee Portable 60% Mechanical Gaming Keyboard, MK-Box LED Backlit Compact 68 Keys Mini Wired Office Keyboard with Red Switch for Windows Laptop PC Mac - Black/Grey"
"74","14. Corsair K55 RGB PRO Membrane Wired Gaming Keyboard – IP42 Dust and Spill-Resistant – 6 Macro Keys with Elgato Integration – iCUE Compatible – QWERTY NA – PC, Mac, Xbox – Black","$35.00","Keyboard",4.6,"12,046","Corsair K55 RGB PRO Membrane Wired Gaming Keyboard – IP42 Dust and Spill-Resistant – 6 Macro Keys with Elgato Integration – iCUE Compatible – QWERTY NA – PC, Mac, Xbox – Black"
"75","15. Womier S-K80 75% Keyboard with Color Multimedia Display Mechanical Gaming Keyboard, Wired Hot Swappable Keyboard, Gasket Mount RGB Custom Keyboard, Pre-lubed Stabilizer for Mac/Win, Black Kanagawa","$33.53","Keyboard",4.6,"564","Womier S-K80 75% Keyboard with Color Multimedia Display Mechanical Gaming Keyboard, Wired Hot Swappable Keyboard, Gasket Mount RGB Custom Keyboard, Pre-lubed Stabilizer for Mac/Win, Black Kanagawa"
"76","16. Corsair K70 RGB PRO Mechanical Wired Gaming Keyboard – Cherry MX Brown Tactile Switches – 8,000hz Hyper-Polling – PBT Double-Shot Keycaps – iCUE Compatible – PC, Mac, Xbox – QWERTY NA – Black","$44.99","Keyboard",4.4,"1,691","Corsair K70 RGB PRO Mechanical Wired Gaming Keyboard – Cherry MX Brown Tactile Switches – 8,000hz Hyper-Polling – PBT Double-Shot Keycaps – iCUE Compatible – PC, Mac, Xbox – QWERTY NA – Black"
"77","17. ARZOPA 75% Mechanical Gaming Keyboard Wired, Rainbow Backlit 81 Keys Gasket Mount PC Gaming Keyboard, Compact Mechanical Keyboard, One Knob Volume Control, Sound Absorbing Pads, Linear Red Switch-K81","$29.99","Keyboard",4.5,"73","ARZOPA 75% Mechanical Gaming Keyboard Wired, Rainbow Backlit 81 Keys Gasket Mount PC Gaming Keyboard, Compact Mechanical Keyboard, One Knob Volume Control, Sound Absorbing Pads, Linear Red Switch-K81"
"78","18. Redragon K668 RGB Gaming Keyboard, 104 Keys + Extra 4 Hotkeys Wired Mechanical Keyboard w/Sound Absorbing Foams, Upgraded Hot-swappable Socket, Mixed Color Keycaps x 2 Sets, Red Switch","$33.99","Keyboard",4.7,"411","Redragon K668 RGB Gaming Keyboard, 104 Keys + Extra 4 Hotkeys Wired Mechanical Keyboard w/Sound Absorbing Foams, Upgraded Hot-swappable Socket, Mixed Color Keycaps x 2 Sets, Red Switch"
"79","19. RK ROYAL KLUDGE S108 Typewriter Keyboard, Retro Mechanical Gaming Keyboard Wired 108 Keys with RGB Backlit Sidelight, Detachable Wrist Rest, Round Keycaps Blue Switches - Black","$29.99","Keyboard",4.6,"6,693","RK ROYAL KLUDGE S108 Typewriter Keyboard, Retro Mechanical Gaming Keyboard Wired 108 Keys with RGB Backlit Sidelight, Detachable Wrist Rest, Round Keycaps Blue Switches - Black"
"80","20. Gaming Keyboard, 7-Color Rainbow LED Backlit, 104 Keys Quiet Light Up Keyboard, Wrist Rest, Whisper Silent, Anti-ghosting Multimedia Keys, Waterproof USB Wired Keyboard for PC Mac Xbox","$44.99","Keyboard",4.5,"1,703","Gaming Keyboard, 7-Color Rainbow LED Backlit, 104 Keys Quiet Light Up Keyboard, Wrist Rest, Whisper Silent, Anti-ghosting Multimedia Keys, Waterproof USB Wired Keyboard for PC Mac Xbox"
"81","21. Rii RK100+ Multiple Color Rainbow LED Backlit Large Size USB Wired Mechanical Feeling Multimedia PC Gaming Keyboard,Office Keyboard for Working or Primer Gaming,Office Device","$59.99","Keyboard",4.4,"6,898","Rii RK100+ Multiple Color Rainbow LED Backlit Large Size USB Wired Mechanical Feeling Multimedia PC Gaming Keyboard,Office Keyboard for Working or Primer Gaming,Office Device"
"82","22. MageGee 75% Mechanical Gaming Keyboard with Brown Switch, LED White Backlit Keyboard, 87 Keys Compact TKL Wired Computer Keyboard for Windows Laptop PC Gamer - Retro Grey/White","$69.99","Keyboard",4.2,"3,166","MageGee 75% Mechanical Gaming Keyboard with Brown Switch, LED White Backlit Keyboard, 87 Keys Compact TKL Wired Computer Keyboard for Windows Laptop PC Gamer - Retro Grey/White"
"83","23. Razer Huntsman Mini 60% Gaming Keyboard: Fast Keyboard Switches - Linear Optical Switches - Chroma RGB Lighting - PBT Keycaps - Onboard Memory - Snap Tap - Black","$129.99","Keyboard",4.7,"13,035","Razer Huntsman Mini 60% Gaming Keyboard: Fast Keyboard Switches - Linear Optical Switches - Chroma RGB Lighting - PBT Keycaps - Onboard Memory - Snap Tap - Black"
"84","24. Logitech MK335 Wireless Keyboard and Mouse Combo - Black/Silver","$169.99","Keyboard",4.5,"8,630","Logitech MK335 Wireless Keyboard and Mouse Combo - Black/Silver"
"85","25. Corsair K100 RGB Optical-Mechanical Wired Gaming Keyboard - OPX Switches - PBT Double-Shot Keycaps - Elgato Stream Deck and iCUE Compatible - QWERTY NA Layout - Black","$51.99","Keyboard",4.5,"4,160","Corsair K100 RGB Optical-Mechanical Wired Gaming Keyboard - OPX Switches - PBT Double-Shot Keycaps - Elgato Stream Deck and iCUE Compatible - QWERTY NA Layout - Black"
"86","26. Logitech G PRO Mechanical Gaming Keyboard, Ultra Portable Tenkeyless Design, Detachable Micro USB Cable, 16.8 Million Color LIGHTSYNC RGB Backlit Keys","$49.99","Keyboard",4.6,"4,924","Logitech G PRO Mechanical Gaming Keyboard, Ultra Portable Tenkeyless Design, Detachable Micro USB Cable, 16.8 Million Color LIGHTSYNC RGB Backlit Keys"
"87","27. Amazon Basics 2.4GHz Wireless Keyboard with Numeric Keypad, Quiet and Compact US Layout (QWERTY), Black, Modern","$59.99","Keyboard",4,"824","Amazon Basics 2.4GHz Wireless Keyboard with Numeric Keypad, Quiet and Compact US Layout (QWERTY), Black, Modern"
"88","28. Wireless Keyboard and Mouse, Keyboard Mouse Combo, 2.4 GHz Wireless Full-Sized Typewriter Keyboard with Round Keycaps, Keyboard for Windows, Computer, Desktop, PC, Laptop (MilkTea)","$59.99","Keyboard",4.3,"407","Wireless Keyboard and Mouse, Keyboard Mouse Combo, 2.4 GHz Wireless Full-Sized Typewriter Keyboard with Round Keycaps, Keyboard for Windows, Computer, Desktop, PC, Laptop (MilkTea)"
"89","29. Wireless Keyboard Mouse Combo, 104 Keys Cute Colorful Keyboard with Number Pad & Mouse for Windows, Computer, PC, Notebook, Laptop (White)","$100.00","Keyboard",4.4,"724","Wireless Keyboard Mouse Combo, 104 Keys Cute Colorful Keyboard with Number Pad & Mouse for Windows, Computer, PC, Notebook, Laptop (White)"
"90","30. Snpurdiri 60% Wireless Gaming Keyboard and Mouse Combo,Rainbow Backlit Rechargeable 2000mAh Battery,Mini Mechanical Feel Keyboard + Popular RGB Mice for Gaming,Business Office(Gray-Black-Orange)","$23.99","Keyboard",4,"1,300","Snpurdiri 60% Wireless Gaming Keyboard and Mouse Combo,Rainbow Backlit Rechargeable 2000mAh Battery,Mini Mechanical Feel Keyboard + Popular RGB Mice for Gaming,Business Office(Gray-Black-Orange)"
"91","1. E-YOOSO Wireless Mouse, Computer Mouse 18 Months Battery Life Cordless Mouse, 5 Level 4800 DPI, 6 Button Ergo Wireless Mice, 2.4G Portable USB Wireless Mouse for Laptop, Mac, Chromebook, PC, Windows","$9.99","Mouse",4.4,"7,485","E-YOOSO Wireless Mouse, Computer Mouse 18 Months Battery Life Cordless Mouse, 5 Level 4800 DPI, 6 Button Ergo Wireless Mice, 2.4G Portable USB Wireless Mouse for Laptop, Mac, Chromebook, PC, Windows"
"92","2. Wireless Mouse, D-09 Computer Mouse USB Cordless Mice for Laptop, Ergo Grips, Lightspeed 5-Level 2400 DPI, 16 Months Battery, Portable for PC Mac Chromebook (Black)","$19.99","Mouse",4.4,"10,189","Wireless Mouse, D-09 Computer Mouse USB Cordless Mice for Laptop, Ergo Grips, Lightspeed 5-Level 2400 DPI, 16 Months Battery, Portable for PC Mac Chromebook (Black)"
"93","3. Razer Basilisk V3 Customizable Ergonomic Gaming Mouse: Fastest Gaming Mouse Switch - Chroma RGB Lighting - 26K DPI Optical Sensor - 11 Programmable Buttons - HyperScroll Tilt Wheel - Classic Black","$11.99","Mouse",4.6,"7,201","Razer Basilisk V3 Customizable Ergonomic Gaming Mouse: Fastest Gaming Mouse Switch - Chroma RGB Lighting - 26K DPI Optical Sensor - 11 Programmable Buttons - HyperScroll Tilt Wheel - Classic Black"
"94","4. Redragon M612 Predator RGB Gaming Mouse, 8000 DPI Wired Optical Gamer Mouse with 11 Programmable Buttons & 5 Backlit Modes, Software Supports DIY Keybinds Rapid Fire Button","$13.99","Mouse",4.6,"5,194","Redragon M612 Predator RGB Gaming Mouse, 8000 DPI Wired Optical Gamer Mouse with 11 Programmable Buttons & 5 Backlit Modes, Software Supports DIY Keybinds Rapid Fire Button"
"95","5. EVGA X12 Gaming Mouse, 8k, Wired, White, Customizable, Dual Sensor, 16,000 DPI, 5 Profiles, 8 Buttons, Ambidextrous Light Weight, RGB, 905-W1-12WH-KR","$39.98","Mouse",4.2,"1,658","EVGA X12 Gaming Mouse, 8k, Wired, White, Customizable, Dual Sensor, 16,000 DPI, 5 Profiles, 8 Buttons, Ambidextrous Light Weight, RGB, 905-W1-12WH-KR"
"96","6. Logitech M510 Wireless Computer Mouse for PC with USB Unifying Receiver - Graphite","$69.99","Mouse",4.6,"31,176","Logitech M510 Wireless Computer Mouse for PC with USB Unifying Receiver - Graphite"
"97","7. Logitech M705 Marathon Wireless Mouse, 2.4 GHz USB Unifying Receiver, 1000 DPI, 5-Programmable Buttons, 3-Year Battery, Compatible with PC, Mac, Laptop, Chromebook - Black","$19.99","Mouse",4.5,"22,649","Logitech M705 Marathon Wireless Mouse, 2.4 GHz USB Unifying Receiver, 1000 DPI, 5-Programmable Buttons, 3-Year Battery, Compatible with PC, Mac, Laptop, Chromebook - Black"
"98","8. Logitech G PRO X SUPERLIGHT 2 LIGHTSPEED Wireless Gaming Mouse, 8K Polling, Lightweight, LIGHTFORCE Hybrid Switches, HERO 2 Sensor, 888 IPS, 44,000 DPI, 5 Programmable Buttons,USB-C Charging, PC & Mac","$24.99","Mouse",4.5,"1,047","Logitech G PRO X SUPERLIGHT 2 LIGHTSPEED Wireless Gaming Mouse, 8K Polling, Lightweight, LIGHTFORCE Hybrid Switches, HERO 2 Sensor, 888 IPS, 44,000 DPI, 5 Programmable Buttons,USB-C Charging, PC & Mac"
"99","9. E-YOOSO Wireless Mouse, Computer Mouse 18 Months Battery Life Cordless Mouse, 5 Level 4800 DPI, 6 Button Ergo Wireless Mice, 2.4G Portable USB Wireless Mouse for Laptop, Mac, Chromebook, PC, Windows","$8.99","Mouse",4.4,"7,485","E-YOOSO Wireless Mouse, Computer Mouse 18 Months Battery Life Cordless Mouse, 5 Level 4800 DPI, 6 Button Ergo Wireless Mice, 2.4G Portable USB Wireless Mouse for Laptop, Mac, Chromebook, PC, Windows"
"100","10. Redragon Gaming Mouse, Wireless Mouse Gaming with 8000 DPI, PC Gaming Mice with Fire Button, RGB Backlit Programmable Ergonomic Mouse Gamer, Rechargeable, 70Hrs for Windows, Mac Gamer, Black","$29.99","Mouse",4.5,"3,475","Redragon Gaming Mouse, Wireless Mouse Gaming with 8000 DPI, PC Gaming Mice with Fire Button, RGB Backlit Programmable Ergonomic Mouse Gamer, Rechargeable, 70Hrs for Windows, Mac Gamer, Black"
"101","11. Amazon Essentials Disney | Marvel | Star Wars Boys and Toddlers' Short-Sleeve Pique Polo Shirts, Pack of 2","$130.70","Mouse",4.7,"160","Amazon Essentials Disney | Marvel | Star Wars Boys and Toddlers' Short-Sleeve Pique Polo Shirts, Pack of 2"
"102","12. Razer Viper Ultimate Lightweight Wireless Gaming Mouse & RGB Charging Dock: Hyperspeed Wireless Technology - 20K DPI Optical Sensor - 74g Lightweight - 70 Hr Battery - Mercury White","$159.00","Mouse",4.6,"16,553","Razer Viper Ultimate Lightweight Wireless Gaming Mouse & RGB Charging Dock: Hyperspeed Wireless Technology - 20K DPI Optical Sensor - 74g Lightweight - 70 Hr Battery - Mercury White"
"103","13. Logitech G502 X Wired Gaming Mouse - LIGHTFORCE hybrid optical-mechanical primary switches, HERO 25K gaming sensor, compatible with PC - macOS/Windows - Black","$9.99","Mouse",4.4,"1,360","Logitech G502 X Wired Gaming Mouse - LIGHTFORCE hybrid optical-mechanical primary switches, HERO 25K gaming sensor, compatible with PC - macOS/Windows - Black"
"104","14. ASUS ROG Harpe Gaming Wireless Mouse, Ace Aim Lab Edition, 54g Ultra-Lightweight, 36,000 DPI Sensor, 5 Programmable Buttons, Tri-Mode Connectivity (2.4GHz RF, Bluetooth, Wired), SpeedNova, Black","$19.99","Mouse",4.4,"448","ASUS ROG Harpe Gaming Wireless Mouse, Ace Aim Lab Edition, 54g Ultra-Lightweight, 36,000 DPI Sensor, 5 Programmable Buttons, Tri-Mode Connectivity (2.4GHz RF, Bluetooth, Wired), SpeedNova, Black"
"105","15. Razer DeathAdder Essential Gaming Mouse: 6400 DPI Optical Sensor - 5 Programmable Buttons - Mechanical Switches - Rubber Side Grips - Classic Black","$29.99","Mouse",4.4,"12,144","Razer DeathAdder Essential Gaming Mouse: 6400 DPI Optical Sensor - 5 Programmable Buttons - Mechanical Switches - Rubber Side Grips - Classic Black"
"106","16. VssoPlor Wireless Mouse, 2.4G Slim Portable Computer Mice with Nano Receiver for Notebook, PC, Laptop, Computer (White and Gold)","$39.99","Mouse",4.6,"22,584","VssoPlor Wireless Mouse, 2.4G Slim Portable Computer Mice with Nano Receiver for Notebook, PC, Laptop, Computer (White and Gold)"
"107","17. Logitech M185 Wireless Mouse, 2.4GHz with USB Mini Receiver, 12-Month Battery Life, 1000 DPI Optical Tracking, Ambidextrous PC/Mac/Laptop - Swift Grey","$19.80","Mouse",4.5,"34,388","Logitech M185 Wireless Mouse, 2.4GHz with USB Mini Receiver, 12-Month Battery Life, 1000 DPI Optical Tracking, Ambidextrous PC/Mac/Laptop - Swift Grey"
"108","18. Logitech G Pro Wireless Gaming Mouse with Esports Grade Performance","$99.99","Mouse",4.6,"12,574","Logitech G Pro Wireless Gaming Mouse with Esports Grade Performance"
"109","19. ASUS ROG Spatha X Wireless Gaming Mouse (Magnetic Charging Stand, 12 Programmable Buttons, 19,000 DPI, Push-fit Hot Swap Switch Sockets, ROG Micro Switches&Paracord and Aura RGB lighting),Black","$149.99","Mouse",4.3,"1,227","ASUS ROG Spatha X Wireless Gaming Mouse (Magnetic Charging Stand, 12 Programmable Buttons, 19,000 DPI, Push-fit Hot Swap Switch Sockets, ROG Micro Switches&Paracord and Aura RGB lighting),Black"
"110","20. Razer Basilisk V3 X HyperSpeed Wireless Gaming Mouse: Up to 285 Hr Battery - 18K Optical Sensor - Mechanical Switches - Chroma RGB - 9 Programmable Controls - Black","$69.99","Mouse",4.3,"601","Razer Basilisk V3 X HyperSpeed Wireless Gaming Mouse: Up to 285 Hr Battery - 18K Optical Sensor - Mechanical Switches - Chroma RGB - 9 Programmable Controls - Black"
"111","21. Wireless Gaming Mouse Honeycomb 2.4G USB Cordless Mouse RGB Rechargeable PC Game Mice with 7-Color LED Lights，3 Adjustable DPI for Windows Laptop Desktop Computers -White","$149.99","Mouse",4.3,"200","Wireless Gaming Mouse Honeycomb 2.4G USB Cordless Mouse RGB Rechargeable PC Game Mice with 7-Color LED Lights，3 Adjustable DPI for Windows Laptop Desktop Computers -White"
"112","22. TECKNET Wireless Mouse, 2.4G Ergonomic Optical Mouse, Computer Mouse for Laptop, PC, Computer, Chromebook, Notebook, 6 Buttons, 24 Months Battery Life, 2600 DPI, 5 Adjustment Levels","$20.98","Mouse",4.5,"65,687","TECKNET Wireless Mouse, 2.4G Ergonomic Optical Mouse, Computer Mouse for Laptop, PC, Computer, Chromebook, Notebook, 6 Buttons, 24 Months Battery Life, 2600 DPI, 5 Adjustment Levels"
"113","23. Amazon Basics Computer Mouse Wireless, Ergonomic, 2.4 GHz Optical, DPI Adjustable, Compatible With PC, Mac, Laptop, Black","$29.99","Mouse",4.3,"25,005","Amazon Basics Computer Mouse Wireless, Ergonomic, 2.4 GHz Optical, DPI Adjustable, Compatible With PC, Mac, Laptop, Black"
"114","24. Redragon M810 Pro Wireless Gaming Mouse, 10000 DPI Wired/Wireless Gamer Mouse w/Rapid Fire Key, 8 Macro Buttons, 45-Hour Reliable Power Capacity and RGB Backlit for PC/Mac/Laptop","$12.99","Mouse",4.5,"2,042","Redragon M810 Pro Wireless Gaming Mouse, 10000 DPI Wired/Wireless Gamer Mouse w/Rapid Fire Key, 8 Macro Buttons, 45-Hour Reliable Power Capacity and RGB Backlit for PC/Mac/Laptop"
"115","25. Razer Orochi V2 Mobile Wireless Gaming Mouse: Ultra Lightweight - 2 Wireless Modes - Up to 950hrs Battery Life - Mechanical Mouse Switches - 5G Advanced 18K DPI Optical Sensor - White","$13.97","Mouse",4.5,"4,548","Razer Orochi V2 Mobile Wireless Gaming Mouse: Ultra Lightweight - 2 Wireless Modes - Up to 950hrs Battery Life - Mechanical Mouse Switches - 5G Advanced 18K DPI Optical Sensor - White"
"116","26. Amazon Essentials Disney | Marvel | Star Wars | Princess Women's Fleece Pullover Hoodie Sweatshirts (Available in Plus Size)","$14.99","Mouse",4.6,"1,888","Amazon Essentials Disney | Marvel | Star Wars | Princess Women's Fleece Pullover Hoodie Sweatshirts (Available in Plus Size)"
"117","27. SADES V2020 Pink Wireless Keyboard with Round Keycaps,2.4GHz Dropout-Free Connection,Long Battery Life,Cute Wireless Moues for PC/Laptop/Mac(Pink)","$119.99","Mouse",4.4,"4,018","SADES V2020 Pink Wireless Keyboard with Round Keycaps,2.4GHz Dropout-Free Connection,Long Battery Life,Cute Wireless Moues for PC/Laptop/Mac(Pink)"
"118","28. Camiysn Gaming Keyboard and Mouse, Purple 104 Keys RGB Keyboard and 6 Speed RGB Mouse Combo, Pudding Keycaps Silent Computer Keyboard for Computer/PC/Laptop/Mac/Windows/Office","$149.99","Mouse",4.4,"313","Camiysn Gaming Keyboard and Mouse, Purple 104 Keys RGB Keyboard and 6 Speed RGB Mouse Combo, Pudding Keycaps Silent Computer Keyboard for Computer/PC/Laptop/Mac/Windows/Office"
"119","29. hueilm Ergonomic Mouse Pad Wrist Support,Pain Relief Mouse Pad with Wrist Rest,Entire Memory Foam Mouse Pad with Non-Slip PU Base,Comfortable Mousepad Perfect for Office & Home（Black）","$49.00","Mouse",4.3,"1,733","hueilm Ergonomic Mouse Pad Wrist Support,Pain Relief Mouse Pad with Wrist Rest,Entire Memory Foam Mouse Pad with Non-Slip PU Base,Comfortable Mousepad Perfect for Office & Home（Black）"
"120","30. memzuoix Purple Ergonomic Mouse Pad with Wrist Rest Support,Premium Memory Foam Cushioning for Pain Relief, Non-Slip PU Base - Perfect for Laptop, Computer, and Home Office","$69.99","Mouse",4.6,"370","memzuoix Purple Ergonomic Mouse Pad with Wrist Rest Support,Premium Memory Foam Cushioning for Pain Relief, Non-Slip PU Base - Perfect for Laptop, Computer, and Home Office"
"121","1. ASUS TUF Gaming X870-PLUS WiFi AMD AM5 X870 ATX Motherboard, 16+2+1, 80A SPS Power Stages, DDR5, PCIe 5.0 Ready, Four M.2 Slots, Wi-Fi 7, 2.5Gb LAN, HDMI, USB4® 40Gbps, SATA 6 Gbps, USB 20Gbps Type-C","$269.78","Motherboard",4.6,"8,381","ASUS TUF Gaming X870-PLUS WiFi AMD AM5 X870 ATX Motherboard, 16+2+1, 80A SPS Power Stages, DDR5, PCIe 5.0 Ready, Four M.2 Slots, Wi-Fi 7, 2.5Gb LAN, HDMI, USB4® 40Gbps, SATA 6 Gbps, USB 20Gbps Type-C"
"122","2. ASUS ROG Strix X870-A Gaming WiFi AMD AM5 X870 ATX Motherboard 16+2+2 Power Stages, Dynamic OC Switcher, Core Flex, DDR5 AEMP, WiFi 7, 4X M.2, PCIe® 5.0, Q-Release Slim, USB4®, AI OCing & Networking","$309.99","Motherboard",4.2,"244","ASUS ROG Strix X870-A Gaming WiFi AMD AM5 X870 ATX Motherboard 16+2+2 Power Stages, Dynamic OC Switcher, Core Flex, DDR5 AEMP, WiFi 7, 4X M.2, PCIe® 5.0, Q-Release Slim, USB4®, AI OCing & Networking"
"123","3. Asus ROG Strix B550-F Gaming WiFi II AMD AM4 (3rd Gen Ryzen) ATX Motherboard (PCIe 4.0,WiFi 6E, 2.5Gb LAN, BIOS Flashback, HDMI 2.1, Addressable Gen 2 RGB Header and Aura Sync)","$326.49","Motherboard",4.6,"10,673","Asus ROG Strix B550-F Gaming WiFi II AMD AM4 (3rd Gen Ryzen) ATX Motherboard (PCIe 4.0,WiFi 6E, 2.5Gb LAN, BIOS Flashback, HDMI 2.1, Addressable Gen 2 RGB Header and Aura Sync)"
"124","4. ASUS TUF Gaming Z790-Plus WiFi LGA 1700(Intel 14th,12th &13th Gen) ATX Gaming Motherboard(PCIe 5.0,DDR5,4xM.2 Slots,16+1 DrMOS,WiFi 6,2.5Gb LAN,Front USB 3.2 Gen 2 Type-C,Thunderbolt 4(USB4),Aura RGB)","$369.99","Motherboard",4.4,"1,101","ASUS TUF Gaming Z790-Plus WiFi LGA 1700(Intel 14th,12th &13th Gen) ATX Gaming Motherboard(PCIe 5.0,DDR5,4xM.2 Slots,16+1 DrMOS,WiFi 6,2.5Gb LAN,Front USB 3.2 Gen 2 Type-C,Thunderbolt 4(USB4),Aura RGB)"
"125","5. GIGABYTE B650 AORUS Elite AX AMD B650 ATX Motherboard with DDR5, PCIe 5.0, WiFi 6E, 5-Year Warranty","$179.99","Motherboard",4.1,"827","GIGABYTE B650 AORUS Elite AX AMD B650 ATX Motherboard with DDR5, PCIe 5.0, WiFi 6E, 5-Year Warranty"
"126","6. MSI B760 Gaming Plus WiFi Gaming Motherboard (Supports 12th/13th/14th Gen Intel Processors, LGA 1700, DDR5, PCIe 4.0, M.2, 2.5Gbps LAN, USB 3.2 Gen2, HDMI/DP, Wi-Fi 6E, Bluetooth 5.3, ATX)","$189.99","Motherboard",4.4,"409","MSI B760 Gaming Plus WiFi Gaming Motherboard (Supports 12th/13th/14th Gen Intel Processors, LGA 1700, DDR5, PCIe 4.0, M.2, 2.5Gbps LAN, USB 3.2 Gen2, HDMI/DP, Wi-Fi 6E, Bluetooth 5.3, ATX)"
"127","7. ASUS ROG Strix Z790-A Gaming WiFi II (WiFI 7) LGA 1700(Intel 14th & 13th & 12th Gen) ATX gaming motherboard(DDR5,5X M.2 slots,PCIe 5.0 x16,front-panel USB connector with PD 3.0 up to 30W)","$194.99","Motherboard",4.4,"583","ASUS ROG Strix Z790-A Gaming WiFi II (WiFI 7) LGA 1700(Intel 14th & 13th & 12th Gen) ATX gaming motherboard(DDR5,5X M.2 slots,PCIe 5.0 x16,front-panel USB connector with PD 3.0 up to 30W)"
"128","8. MSI B550-A PRO ProSeries Motherboard (AMD Ryzen 5000, AM4, DDR4, PCIe 4.0, SATA 6Gb/s, M.2, USB 3.2 Gen 2, HDMI/DP, ATX)","$249.99","Motherboard",4.6,"3,267","MSI B550-A PRO ProSeries Motherboard (AMD Ryzen 5000, AM4, DDR4, PCIe 4.0, SATA 6Gb/s, M.2, USB 3.2 Gen 2, HDMI/DP, ATX)"
"129","9. MSI X670E GAMING PLUS WIFI Gaming Motherboard (AMD Ryzen 9000/8000/7000 Series Processors, AM5, DDR5, PCIe 5.0, SATA 6Gb/s, M.2 slots, USB 3.2 Gen 2, Wi-Fi 6E, Bluetooth 5.3, 2.5Gbps LAN, HDMI/DP,ATX)","$129.99","Motherboard",4.2,"134","MSI X670E GAMING PLUS WIFI Gaming Motherboard (AMD Ryzen 9000/8000/7000 Series Processors, AM5, DDR5, PCIe 5.0, SATA 6Gb/s, M.2 slots, USB 3.2 Gen 2, Wi-Fi 6E, Bluetooth 5.3, 2.5Gbps LAN, HDMI/DP,ATX)"
"130","10. GIGABYTE B650 Gaming X AX (AM5/ LGA 1718/ AMD/ B650/ ATX/ 5-Year Warranty/ DDR5/ PCIe 4.0 M.2/ PCIe 4.0/ USB 3.2 Gen2x2 Type-C/AMD Wi-Fi 6E/ Realtek 2.5GbE LAN/Motherboard)","$169.99","Motherboard",4.2,"319","GIGABYTE B650 Gaming X AX (AM5/ LGA 1718/ AMD/ B650/ ATX/ 5-Year Warranty/ DDR5/ PCIe 4.0 M.2/ PCIe 4.0/ USB 3.2 Gen2x2 Type-C/AMD Wi-Fi 6E/ Realtek 2.5GbE LAN/Motherboard)"
"131","11. MSI B550M PRO-VDH WiFi ProSeries Motherboard (AMD Ryzen 5000, AM4, DDR4, PCIe 4.0, SATA 6Gb/s, M.2, USB 3.2 Gen 1, Wi-Fi, Bluetooth, D-SUB/HDMI/DP, Micro-ATX)","$259.99","Motherboard",4.4,"4,329","MSI B550M PRO-VDH WiFi ProSeries Motherboard (AMD Ryzen 5000, AM4, DDR4, PCIe 4.0, SATA 6Gb/s, M.2, USB 3.2 Gen 1, Wi-Fi, Bluetooth, D-SUB/HDMI/DP, Micro-ATX)"
"132","12. 420PCS Computer Screw Kit, Motherboard Standoffs Assorted Screws for PC Case, HDD, SSD, Laptop, Fan, CD-ROM - for DIY PC Build Repair","$339.99","Motherboard",4.7,"18","420PCS Computer Screw Kit, Motherboard Standoffs Assorted Screws for PC Case, HDD, SSD, Laptop, Fan, CD-ROM - for DIY PC Build Repair"
"133","13. MSI B550 Gaming GEN3 Gaming Motherboard (AMD Ryzen 5000 Series, AM4, DDR4, PCIe 3.0, SATA 6Gb/s, M.2, USB 3.2 Gen 1, HDMI/DVI-Port, ATX)","$104.99","Motherboard",4.5,"813","MSI B550 Gaming GEN3 Gaming Motherboard (AMD Ryzen 5000 Series, AM4, DDR4, PCIe 3.0, SATA 6Gb/s, M.2, USB 3.2 Gen 1, HDMI/DVI-Port, ATX)"
"134","14. GIGABYTE B760M Gaming Plus WiFi DDR4 LGA 1700 Intel B760 M-ATX Motherboard with DDR4, 2* M.2, PCIe 4.0, Front USB 3.2 Gen 1 Type-C, WiFi 6 GbE LAN, Q-Flash Plus, PCIe EZ-Latch","$119.99","Motherboard",4.9,"14","GIGABYTE B760M Gaming Plus WiFi DDR4 LGA 1700 Intel B760 M-ATX Motherboard with DDR4, 2* M.2, PCIe 4.0, Front USB 3.2 Gen 1 Type-C, WiFi 6 GbE LAN, Q-Flash Plus, PCIe EZ-Latch"
"135","15. MSI MAG X670E Tomahawk WiFi Gaming Motherboard (AMD Ryzen 9000/8000/7000 Series Processors, AM5, DDR5, PCIe 5.0, SATA 6Gb/s, M.2, USB 3.2 Gen 2, Wi-Fi 6E, Bluetooth 5.3, 2.5Gbps LAN, HDMI/DP, ATX)","$219.99","Motherboard",4.2,"345","MSI MAG X670E Tomahawk WiFi Gaming Motherboard (AMD Ryzen 9000/8000/7000 Series Processors, AM5, DDR5, PCIe 5.0, SATA 6Gb/s, M.2, USB 3.2 Gen 2, Wi-Fi 6E, Bluetooth 5.3, 2.5Gbps LAN, HDMI/DP, ATX)"
"136","16. GIGABYTE B650 Eagle AX AM5 LGA 1718 AMD B650 ATX, DDR5 Triple M.2, PCIe 5.0, USB 3.2 Gen2x2 Type-C, AMD Wi-Fi 6E, Realtek GbE LAN","$279.99","Motherboard",4.3,"127","GIGABYTE B650 Eagle AX AM5 LGA 1718 AMD B650 ATX, DDR5 Triple M.2, PCIe 5.0, USB 3.2 Gen2x2 Type-C, AMD Wi-Fi 6E, Realtek GbE LAN"
"137","17. MSI MAG B650M Mortar WiFi Gaming Motherboard (AMD Ryzen 9000/8000/7000 Series Processors,AM5,DDR5,PCIe 4.0,M.2 Slots,SATA 6Gb/s,USB 3.2 Gen 2,HDMI/DP,Wi-Fi 6E,Bluetooth 5.3,2.5Gbps LAN,mATX)","$159.99","Motherboard",4.2,"2,184","MSI MAG B650M Mortar WiFi Gaming Motherboard (AMD Ryzen 9000/8000/7000 Series Processors,AM5,DDR5,PCIe 4.0,M.2 Slots,SATA 6Gb/s,USB 3.2 Gen 2,HDMI/DP,Wi-Fi 6E,Bluetooth 5.3,2.5Gbps LAN,mATX)"
"138","18. MSI MAG B550 TOMAHAWK Gaming Motherboard (AMD AM4, DDR4, PCIe 4.0, SATA 6Gb/s, M.2, USB 3.2 Gen 2, HDMI/DP, ATX, AMD Ryzen 5000 Series processors)","$199.99","Motherboard",4.6,"5,572","MSI MAG B550 TOMAHAWK Gaming Motherboard (AMD AM4, DDR4, PCIe 4.0, SATA 6Gb/s, M.2, USB 3.2 Gen 2, HDMI/DP, ATX, AMD Ryzen 5000 Series processors)"
"139","19. ASUS Prime B550-PLUS AC-HES AMD AM4 (3rd Gen Ryzen) ATX Motherboard (Dual M.2, PCIe4.0, WIFI5, 1Gb Ethernet, SATA 6 Gbps, USB 3.2 Gen 2 Type-C, Front USB 3.2 Gen 1 Type-C and CEC Tier II Ready)","$89.99","Motherboard",4.5,"5,919","ASUS Prime B550-PLUS AC-HES AMD AM4 (3rd Gen Ryzen) ATX Motherboard (Dual M.2, PCIe4.0, WIFI5, 1Gb Ethernet, SATA 6 Gbps, USB 3.2 Gen 2 Type-C, Front USB 3.2 Gen 1 Type-C and CEC Tier II Ready)"
"140","20. MSI PRO X870-P WiFi ProSeries Motherboard (AMD Ryzen 9000/8000/7000 Series Processors, AM5, DDR5, PCIe 5.0, M.2 Gen5, SATA 6Gb/s, USB 40Gbps, HDMI/DP, Wi-Fi 7, Bluetooth 5.4, 5Gbps LAN, ATX)","$119.99","Motherboard",4.4,"11","MSI PRO X870-P WiFi ProSeries Motherboard (AMD Ryzen 9000/8000/7000 Series Processors, AM5, DDR5, PCIe 5.0, M.2 Gen5, SATA 6Gb/s, USB 40Gbps, HDMI/DP, Wi-Fi 7, Bluetooth 5.4, 5Gbps LAN, ATX)"
"141","21. I/O IO Shield Motherboard Backplate Bracket Replacement for ASUS PRIME H510M-E Motherboard IO","$8.99","Motherboard",4.7,"32","I/O IO Shield Motherboard Backplate Bracket Replacement for ASUS PRIME H510M-E Motherboard IO"
"142","22. Arty A7: Artix-7 FPGA Development Board for Makers and Hobbyists (Arty A7-100T)","$0.53","Motherboard",4.5,"454","Arty A7: Artix-7 FPGA Development Board for Makers and Hobbyists (Arty A7-100T)"
"143","23. Timetec Pinnacle Konduit 8GB DDR4 3600MHz PC4-28800 CL18-22-22-42 XMP2.0 Overclocking 1.35V Compatible for AMD and Intel Desktop Gaming PC Memory Module RAM - Black","$9.99","Motherboard",4.5,"4,152","Timetec Pinnacle Konduit 8GB DDR4 3600MHz PC4-28800 CL18-22-22-42 XMP2.0 Overclocking 1.35V Compatible for AMD and Intel Desktop Gaming PC Memory Module RAM - Black"
"144","24. fanxiang S500 Pro 512GB NVMe SSD M.2 PCIe Gen3x4 2280 Internal Solid State Drive, SLC Cache 3D NAND TLC, Up to 3500MB/s, Compatible with Laptop and PC Desktops(Black)","$99.99","Motherboard",4.2,"130","fanxiang S500 Pro 512GB NVMe SSD M.2 PCIe Gen3x4 2280 Internal Solid State Drive, SLC Cache 3D NAND TLC, Up to 3500MB/s, Compatible with Laptop and PC Desktops(Black)"
"145","25. ITX Mini Case - K39 (Steel) / Includes Two Handles/Comes with 2 Standard Ventilated Side Panels and 1 Extra Acrylic Ventilated Side Panel / 5.1L Ultra-Small SFF Case","$119.99","Motherboard",4.3,"659","ITX Mini Case - K39 (Steel) / Includes Two Handles/Comes with 2 Standard Ventilated Side Panels and 1 Extra Acrylic Ventilated Side Panel / 5.1L Ultra-Small SFF Case"
"146","26. VisionTek Radeon 5450 1GB DDR3 (DVI-I, HDMI, VGA) Graphics Card - 900860","$99.99","Motherboard",4.5,"308","VisionTek Radeon 5450 1GB DDR3 (DVI-I, HDMI, VGA) Graphics Card - 900860"
"147","27. 420PCS Computer Screw Kit, Motherboard Standoffs Assorted Screws for PC Case, HDD, SSD, Laptop, Fan, CD-ROM - for DIY PC Build Repair","$8.99","Motherboard",4.7,"18","420PCS Computer Screw Kit, Motherboard Standoffs Assorted Screws for PC Case, HDD, SSD, Laptop, Fan, CD-ROM - for DIY PC Build Repair"
"148","28. I/O IO Shield Motherboard Backplate Bracket Replacement for ASUS PRIME H510M-E Motherboard IO","$0.53","Motherboard",4.3,"987","I/O IO Shield Motherboard Backplate Bracket Replacement for ASUS PRIME H510M-E Motherboard IO"
"149","29. GIGABYTE Z790 AORUS Elite AX (LGA 1700/ Intel Z790/ ATX/ DDR5/ Quad M.2/ PCIe 5.0/ USB 3.2 Gen2X2 Type-C/Intel WiFi 6E/ 2.5GbE LAN/Q-Flash Plus/PCIe EZ-Latch/Gaming Motherboard)","$9.99","Motherboard",4.2,"2,184","GIGABYTE Z790 AORUS Elite AX (LGA 1700/ Intel Z790/ ATX/ DDR5/ Quad M.2/ PCIe 5.0/ USB 3.2 Gen2X2 Type-C/Intel WiFi 6E/ 2.5GbE LAN/Q-Flash Plus/PCIe EZ-Latch/Gaming Motherboard)"
"150","30. MSI MAG B650 Tomahawk WiFi Gaming Motherboard (AMD Ryzen 9000/8000/7000 Series Processors, AM5, DDR5, PCIe 4.0, M.2, SATA 6Gb/s, USB 3.2 Gen 2, HDMI/DP, Wi-Fi 6E, Bluetooth 5.3, 2.5Gbps LAN, ATX)","$11.99","Motherboard",4.6,"1,238","MSI MAG B650 Tomahawk WiFi Gaming Motherboard (AMD Ryzen 9000/8000/7000 Series Processors, AM5, DDR5, PCIe 4.0, M.2, SATA 6Gb/s, USB 3.2 Gen 2, HDMI/DP, Wi-Fi 6E, Bluetooth 5.3, 2.5Gbps LAN, ATX)"
