"","Category","ProductName","Reviewer","Date","Title","Comment","StarRating","VerifiedPurchase"
"1","Graphics Card","maxsun AMD Radeon RX 550 4GB GDDR5 ITX Computer PC Gaming Video Graphics Card","Michael Mckenney","Reviewed in the United States on October 28, 2024","5.0 out of 5 stars","My old 1GB graphic card could just not keep up to the demands of making large image files for posters. It was causing frustrating delays, waiting for a refresh after every edit. At first I mistakenly bought an 8GB card I thought I could use to replace it, but it required a power connection I did not have. So I would have had to buy a completely new power supply. Yikes! Luckily my friendly neighborhood PC repair shop advised me to try this 4MB one, which didn't require a power supply connection. And it works great with little to no lag time after making edits to large graphic files. Recommended.",5,NA
"2","Graphics Card","maxsun AMD Radeon RX 550 4GB GDDR5 ITX Computer PC Gaming Video Graphics Card","Amazon Customer","Reviewed in the United States on October 13, 2024","","Had my card go gimpy on me when the hurricane hit, it didn't detect my dvi monitor, slipped this in and I'm back to three monitors and happy.  I'm not a gamer and don't do graphics editing but for watching movies and browsing the web it works fine.  I mostly have terminals open, but they're darn good looking terminals.",5,NA
"3","Graphics Card","maxsun AMD Radeon RX 550 4GB GDDR5 ITX Computer PC Gaming Video Graphics Card","ZX6R","Reviewed in the United States on April 1, 2024","Works Great!","Needed a card to drive two monitors and this works good. Card is quiet.This isn‚Äôt the fault of the card itself, but I ran into a weird issue where Windows decided the driver in Windows Update was newer than the current AMD driver. The driver in Windows Update caused the card to not work correctly and throw errors on my system. Forcing Windows to stop overwriting the latest AMD driver however made things work correctly.",4,NA
"4","Graphics Card","maxsun AMD Radeon RX 550 4GB GDDR5 ITX Computer PC Gaming Video Graphics Card","SMH","Reviewed in the United States on September 28, 2024","5.0 out of 5 stars","Used to replace flaky system video. Worked perfectly out of the box. Not used for gaming, however.",5,NA
"5","Graphics Card","maxsun AMD Radeon RX 550 4GB GDDR5 ITX Computer PC Gaming Video Graphics Card","Lee stecher","Reviewed in the United States on August 30, 2024","","Handles 3 monitors with no issues. Reasonable price.",5,NA
"6","Graphics Card","maxsun AMD Radeon RX 550 4GB GDDR5 ITX Computer PC Gaming Video Graphics Card","Electronic Engineer","Reviewed in the United States on November 17, 2022","Worked dandy","I bought this card as an upgrade to a system currently running 3 monitors, intending to replace the HP AMD Radeon card that came with the computer with a faster one.  With the new card installed, the computer halted before windows boot with a condition of no video card detected, so (of course) no signal to the attached monitors.  After verifying that the card was properly seated and connected, and fan active, at least three possibilities remained: 1) the card was defective, 2) the card and BIOS are incompatible, or 3) that particular computer had a defective slot.  Possibility 3) was investigated by substituting the card into a second computer of the same model and configuration, again with no video card detected.Consequently, I reluctantly returned the card.  If the card was defective, I didn't want to keep it.  If the BIOS was incompatible with the card, this would require finding, then applying a BIOS upgrade, which might or might not resolve the problem.  If a BIOS upgrade fails, one possibility is that the mainboard is 'bricked', rendering that computer useless.  Neither of these outcomes was acceptable to me, so I returned the card.  Thanks Amazon.  Your easy return policy is one of the reasons you get my business.In most situations, a video card is detected during BIOS boot and operates with default low resolution until the OS boots, at which time appropriate drivers can be loaded.  I still cannot say whether this card is compatible with an HP H8-1240T, only that the card I received was certainly NOT.  I asked this question in the customer reviews section, but received no definitive answer, only novice level guidance.  Considering that new electronics are highly likely to arrive in working condition, the most likely explanation is that the card and that computer model are incompatible.",1,NA
"7","Graphics Card","maxsun AMD Radeon RX 550 4GB GDDR5 ITX Computer PC Gaming Video Graphics Card","Damiane LaCosta","Reviewed in the United States on November 20, 2024","4.0 out of 5 stars","Fast delivery and product working good",5,NA
"8","Graphics Card","maxsun AMD Radeon RX 550 4GB GDDR5 ITX Computer PC Gaming Video Graphics Card","Traci Crews","Reviewed in the United States on December 7, 2023","","It doesn't have a good heat sink on it so it over heats I had to put 2 big fans on it to keep it cool so it had a total of 3 fans on it so it wouldn't crash and that's on high resolution the ultra resolution it crashed right away that's how bad it overheats but besides that graphics are excellent.",3,NA
"9","Graphics Card","maxsun AMD Radeon RX 550 4GB GDDR5 ITX Computer PC Gaming Video Graphics Card","Ben P","Reviewed in Canada on August 30, 2022","Works, but I ran into some driver issues","If you have an older machine and if you are looking for a graphics card for ordinary use and maybe some light gaming, this is a great choice. It is listed as one of the top eight cards that does not require an extra power connection, as some older machines do not provide that option. I got this card on a big sale, it arrived the next day after order, clearly new, well packaged, nice and clean and solid, no issues. Easy to install, works great with Windows 10. I used an HDMI connection to a 4K monitor (resolution 3840x2140) which worked great. I did some light gaming, no issues. Card is not noisy. The card also has good connectivity options, HDMI, DisplayPort and DVI. So as long as you are not a super serious gamer, this is a great card. Mind you, if you shop around, you can find cards like the GTX1650, 1050Ti or RX 6400 which also do not require extra power and are much more powerful graphics cards. If the prices are comparable, it would make sense to get one of those instead, BUT if you can get the RX 550 on a good sale for much less than those other alternatives, and it meets your needs, it works great!  This card is best described as ""a solid budget pick"". Worth getting if you can get it for a great price, for much less than other higher performers. If you are a serious 3D gamer, then this is not for you, although you can play lots of games fine on it.",5,NA
"10","Graphics Card","maxsun AMD Radeon RX 550 4GB GDDR5 ITX Computer PC Gaming Video Graphics Card","AlanTech67","Reviewed in France on October 19, 2024","5.0 out of 5 stars","J‚Äôai r√©cemment acquis un PC DELL optiplex 3060 et j‚Äôavais aussi deux √©crans de PC, et donc j‚Äôai d√©cid√© de mettre une carte graphique pour √©viter les bugs lorsque je jouais √† des jeux de PC ou √† de la bureautique. Idem pour de la virtualisation de PC, √ßa semble bien fonctionner avec Windows, 11 pro",5,NA
"11","Graphics Card","maxsun AMD Radeon RX 550 4GB GDDR5 ITX Computer PC Gaming Video Graphics Card","Argastands S.L.","Reviewed in Spain on April 22, 2024","","",5,NA
"12","Graphics Card","maxsun AMD Radeon RX 550 4GB GDDR5 ITX Computer PC Gaming Video Graphics Card","Carpediem","Reviewed in Germany on January 12, 2024","Works well in a office desktop envionment.","Cumple su funci√≥n, va bien.",5,NA
"13","Graphics Card","maxsun AMD Radeon RX 550 4GB GDDR5 ITX Computer PC Gaming Video Graphics Card","Beatrice Messano","Reviewed in Italy on May 26, 2023","5.0 out of 5 stars","",5,NA
"14","Graphics Card","VisionTek Radeon RX 550 4GB GDDR5 4K Monitor Graphics Card1","Matt","Reviewed in the United States on June 19, 2024","5.0 out of 5 stars","Installed this in a new computer for express purpose of running multiple tvs in our church. Works fantastic for that purpose. Our video output is graphic intensive, but for slides (basically) which do not require a fast refresh rate. My install allowed me to keep the factory HDMI output for running the computer‚Äôs monitor and use all 4 outputs here for the tvs, eliminating the need for a signal splitter. Very happy with the performance for my use.",5,NA
"15","Graphics Card","VisionTek Radeon RX 550 4GB GDDR5 4K Monitor Graphics Card1","John","Reviewed in the United States on July 1, 2024","","I received the item, put it into a computer and saw a very distorted, pixelated, and glitchy output. I used multiple HDMI cables and still got the same result. And yes I made sure the HDMI connection was good also. Put the card into another computer and the same exact thing happened afterwhich the entire thing just died. Would not recommend. 0/10 üëé",1,NA
"16","Graphics Card","VisionTek Radeon RX 550 4GB GDDR5 4K Monitor Graphics Card1","Greg S.","Reviewed in the United States on July 24, 2024","Runs five different tvs for our church","Works fine. Using with 3 HDMI connected monitors.",5,NA
"17","Graphics Card","VisionTek Radeon RX 550 4GB GDDR5 4K Monitor Graphics Card1","Pete Nieves","Reviewed in the United States on October 3, 2021","1.0 out of 5 stars","Unlike most users, I am not a gamer. I needed to upgrade the graphics card on my Dell XPS 8910 tower for the purposes of video editing using Davinci Resolve 17. The card that came with the unit did not support OpenCL and had only 2 GB of memory so the program would always fail when I tried to render even the simplest videos. So I was more interested in the ability of the GPU to support video and photo editing. From that perspective I am very happy. I was able to edit a half hour worth of 4K video without having to use proxy files and the video played smoothly while editing. And when it came to rendering, it worked flawlessly. Installation was very easy and the driver auto installed after a few minutes.Gamers may have other opinions, but as a video editor on a fairly simple set up, it has been well worth the money.",5,NA
"18","Graphics Card","VisionTek Radeon RX 550 4GB GDDR5 4K Monitor Graphics Card1","aaron allen","Reviewed in the United States on October 3, 2024","","Within less than 1/2 a yr, one of the ports just stopped detecting a monitor device at the other end of the cable and shut the port off. Moved it to another port, and it came back. Annoying, to say the least but survivable because I was not using all ports.",3,NA
"19","Graphics Card","VisionTek Radeon RX 550 4GB GDDR5 4K Monitor Graphics Card1","DB","Reviewed in the United States on October 4, 2024","Received defective device","I literally setup this video card in under 5 minutes, that‚Äôs including the driver installation. My 4 monitors run as expected!",5,NA
"20","Graphics Card","VisionTek Radeon RX 550 4GB GDDR5 4K Monitor Graphics Card1","Liang87","Reviewed in the United States on November 21, 2024","5.0 out of 5 stars","I used it for about two weeks and two of the ports would not display anything which was not the initial case.",2,NA
"21","Graphics Card","VisionTek Radeon RX 550 4GB GDDR5 4K Monitor Graphics Card1","Old Nerd","Reviewed in the United States on May 18, 2024","","I've struggled trying to get multi-head stuff working for years with Nvidia products.  Recently (thank you chat gpt) I came to understand that one can just count on AMD video cards working well with Linux so I got one of these. I will not touch NV for video ever again - this is an awesome card!  I'm using it with Mint (so Ubuntu (so Debian)).  I didn't have to do anything - it just worked.",5,NA
"22","Graphics Card","VisionTek Radeon RX 550 4GB GDDR5 4K Monitor Graphics Card1","Patrick Lacourse","Reviewed in Canada on May 29, 2024","Works well. No problen obtaining and installing driver.","super",5,NA
"23","Graphics Card","VisionTek Radeon RX 550 4GB GDDR5 4K Monitor Graphics Card1","Vielma","Reviewed in Mexico on June 14, 2023","5.0 out of 5 stars","no me gusto el producto y eso que tiene mas memoria , no trae discos de instalcion o algun manual, ya eh trabajado con esta marca y esta tarjeta me dio mucho trabajo y mejor la regrese",1,NA
"24","Graphics Card","VisionTek Radeon RX 550 4GB GDDR5 4K Monitor Graphics Card1","Vielma",NA,"","",1,NA
"25","Graphics Card","MSI Gaming GeForce RTX 3060 12GB 15 Gbps GDRR6 192-Bit HDMI/DP PCIe 4 Torx Twin Fan Ampere OC Graphics Card","Luke K","Reviewed in the United States on September 7, 2024","5.0 out of 5 stars","I ordered this product to run Stable Diffusion and continue the games I enjoy at the same quality as my AMD 6600. So far the 3060 has met my expectations. It was delivered quickly, was a fast swap in with my desktop and has worked without incident since. NVIDIA software runs well and the installation is pretty simple. All in all, a good introductory card for AI art programs while having respectable ability for gaming and graphics. Worth its price point of ~300 with tax and fees.Still, it is always advisable to make sure a card meets the requirements of what you want before you order.",5,NA
"26","Graphics Card","MSI Gaming GeForce RTX 3060 12GB 15 Gbps GDRR6 192-Bit HDMI/DP PCIe 4 Torx Twin Fan Ampere OC Graphics Card","!!!!! C5 !!!!!","Reviewed in the United States on October 23, 2024","","Was a snug fit into my Dell Optiplex 7070 but it does fit. I'm very happy with the speed and clarity of the monitor picture. I can run MS Flight Sim at full speed and 4K. So many more games run at full throttle now. Not sure how it will do on your machine, but this works great on mine. The fans take a while to kick on which means the card isn't running hot. My CPU fan does seem to kick on sooner, though it doesn't get too hot. The OEM box isn't known to be a vent powerhouse, so it's not the cards fault. I did order another more powerful box fan, so we'll see how that goes when I get it.",5,NA
"27","Graphics Card","MSI Gaming GeForce RTX 3060 12GB 15 Gbps GDRR6 192-Bit HDMI/DP PCIe 4 Torx Twin Fan Ampere OC Graphics Card","C Tucker 0321","Reviewed in the United States on November 15, 2024","Expectations Met","The GeForce RTX 3060 is a fantastic choice if you're looking for strong 1080p and decent 1440p gaming performance without breaking the bank. I can play modern games at high settings with smooth frame rates, and it also handles creative tasks like video editing and 3D rendering quite well. The card runs quietly, and the power efficiency is impressive ‚Äì I haven't experienced any overheating issues. While it's not the top-of-the-line for 4K gaming, it's a solid mid-range card with great value for gaming and multitasking. Highly recommended!",5,NA
"28","Graphics Card","MSI Gaming GeForce RTX 3060 12GB 15 Gbps GDRR6 192-Bit HDMI/DP PCIe 4 Torx Twin Fan Ampere OC Graphics Card","A average 16 y/o","Reviewed in the United States on November 25, 2024","5.0 out of 5 stars","Depending on what your other components are, this thing can run Fortnite really good on high performance, its pretty small its very easy to install, it has a dual fan which is alright couldn‚Äôt really afford a triple fan and the cooling is great",5,NA
"29","Graphics Card","MSI Gaming GeForce RTX 3060 12GB 15 Gbps GDRR6 192-Bit HDMI/DP PCIe 4 Torx Twin Fan Ampere OC Graphics Card","A average 16 y/o","Reviewed in the United States on August 21, 2024","","No issues. Arrived so quickly. Installation was a breeze. I have no issues running any current games. There are some exceptions but for the most part this thing can handle just about any current game. No issues with overheating. I did buy this on sale but even for retail it‚Äôs a great pick for a GPU. You will have to upgrade eventually but it is worth the money and will last you a few years.",5,NA
"30","Graphics Card","MSI Gaming GeForce RTX 3060 12GB 15 Gbps GDRR6 192-Bit HDMI/DP PCIe 4 Torx Twin Fan Ampere OC Graphics Card","William P.","Reviewed in the United States on October 7, 2024","Great upgrade","Very straight forward design and the instructions gave you a very simple idea of how to get it installed. Very fast with same day delivery. I asked for a in-person delivery but they left it RIGHT in front of my door. Lucky the packaging was anonymous, but it made me nervous as I was away from home at the time. Otherwise, great card for the price and keeps a steady performance on most of my intensive games.",5,NA
"31","Graphics Card","MSI Gaming GeForce RTX 3060 12GB 15 Gbps GDRR6 192-Bit HDMI/DP PCIe 4 Torx Twin Fan Ampere OC Graphics Card","Alexander Fuentes","Reviewed in the United States on November 11, 2024","5.0 out of 5 stars","No problems and a great deal for a 12 GB, I'm sure I'll upgrade eventually but this does everything I ask it too.",4,NA
"32","Graphics Card","MSI Gaming GeForce RTX 3060 12GB 15 Gbps GDRR6 192-Bit HDMI/DP PCIe 4 Torx Twin Fan Ampere OC Graphics Card","Jason Webb","Reviewed in the United States on November 27, 2024","","Absolute powerhouse! It handles everything I throw at it with ease, from demanding games to graphics-heavy tasks. Highly recommend for anyone looking to upgrade their gaming setup",5,NA
"33","Graphics Card","MSI Gaming GeForce RTX 3060 12GB 15 Gbps GDRR6 192-Bit HDMI/DP PCIe 4 Torx Twin Fan Ampere OC Graphics Card","Quoleo","Reviewed in Brazil on November 20, 2024","Amazing!!!","Qualidade da placa perfeita, consegue rodar tudo no ultra e se quiser ainda roda ray tracing em alguns jogos",5,NA
"34","Graphics Card","MSI Gaming GeForce RTX 3060 12GB 15 Gbps GDRR6 192-Bit HDMI/DP PCIe 4 Torx Twin Fan Ampere OC Graphics Card","Caio Gabriel Gomes da Silva","Reviewed in Canada on February 28, 2024","5.0 out of 5 stars","",5,NA
"35","Graphics Card","MSI Gaming GeForce RTX 3060 12GB 15 Gbps GDRR6 192-Bit HDMI/DP PCIe 4 Torx Twin Fan Ampere OC Graphics Card","Caio Gabriel Gomes da Silva","Reviewed in Mexico on July 29, 2022","","We purchased a few of those for our lab to be used as GPGPU (mainly for deep learning).  We installed them in out HP Z4 workstations and they all work as advertised.  I am unable to assess how they perform for gaming or other graphical applications except to say that between computations they also drive our 2K monitors just fine.Just the above makes us satisfied customers, but to our pleasant surprise the card also accommodates our unusual power supplies.  About every PSU manufacturer and their mothers provide additional PCIe power using 8-pin connectors.  HP workstations however are different, for their PSUs provide 150+W of power through a 6-pin PCIe connector (which is normally rated at only 75W). The mentioned pleasant surprise is that this GPU happily accepts our 6-pin connectors and still works at full power, as opposed to other GPUs we tried which refuse to power on without an adapter cable.Overall these are great, inexpensive GPGPU devices which we can recommend.",5,NA
"36","Graphics Card","MSI Gaming GeForce RTX 3060 12GB 15 Gbps GDRR6 192-Bit HDMI/DP PCIe 4 Torx Twin Fan Ampere OC Graphics Card","Que","Reviewed in the United Kingdom on November 14, 2024","Good for mid tier build","",5,NA
"37","Graphics Card","MSI Gaming GeForce RTX 3060 12GB 15 Gbps GDRR6 192-Bit HDMI/DP PCIe 4 Torx Twin Fan Ampere OC Graphics Card","Gaspar C.","Reviewed in Germany on October 16, 2024","5.0 out of 5 stars","The media could not be loaded.",5,NA
"38","Graphics Card","MSI Gaming GeForce RTX 3060 12GB 15 Gbps GDRR6 192-Bit HDMI/DP PCIe 4 Torx Twin Fan Ampere OC Graphics Card","Gaspar C.",NA,"","Es una buena gr√°fica, me corre todos los juegos en ultra a 1080 a m√°s de 60 fps si son t√≠tulos exigentes. Otros juegos menos exigentes arriba de los 100 fps estables. Recomendar√≠a que adquieran la de 3 Fans  porque este modelo Ventus 2X se calienta algo (unos 75 - 78 grados a carga m√°xima). Consideren igual tener un case con buena ventilaci√≥n, en mi caso mi case tiene un p√©simo flujo de aire por lo que jugando con el case abierto disminuyo unos 8 grados, (m√°ximos de 68 grados). Igual es preferible hacer undervolt a la gr√°fica y hacer OC al reloj de la gpu por la cuesti√≥n de las temperaturas. La verdad es que es una buena gr√°fica, no estaba disponible la de 3 fans cuando decid√≠ adquirirla, por lo que les recomiendo ampliamente esperar la de 3 fans en vez la de 2. No hace mucho ruido.",5,NA
"39","Graphics Card","MSI Gaming GeForce RTX 3060 12GB 15 Gbps GDRR6 192-Bit HDMI/DP PCIe 4 Torx Twin Fan Ampere OC Graphics Card","Kevin Henderson",NA,"Amazing just great","",5,NA
"40","Graphics Card","MSI Gaming GeForce RTX 3060 12GB 15 Gbps GDRR6 192-Bit HDMI/DP PCIe 4 Torx Twin Fan Ampere OC Graphics Card","Gerold Paul",NA,"4.0 out of 5 stars","Perfect to upgrade my system and easy to install",5,NA
"41","Graphics Card","GIGABYTE GeForce RTX 3060 Gaming OC 12G (REV2.0) Graphics Card","Kurt Wittmayer","Reviewed in the United States on October 21, 2024","5.0 out of 5 stars","This GPU has worked great since I bought it. No complaints. Runs all my games, records my game play, and works great for video editing. The 3060 is still a pretty good buy today but there are going to be newer and better things coming out.",5,NA
"42","Graphics Card","GIGABYTE GeForce RTX 3060 Gaming OC 12G (REV2.0) Graphics Card","Michael Speciale, Jr.","Reviewed in the United States on November 29, 2024","","I built a coding/CAD machine for my business, and I chose this GeForce RTX 3060 card.  This card, for the price, is truly amazing!  I've got two 32"" monitors and a 27"" monitor connected, and I'm throwing windows all over the place without issue/delay, and it handles all my CAD drawings splendidly!  I do occasionally play games on it, and I like that Starfield runs beautifully on it without hiccup!  Recommended!",5,NA
"43","Graphics Card","GIGABYTE GeForce RTX 3060 Gaming OC 12G (REV2.0) Graphics Card","Edward Galvan","Reviewed in the United States on August 31, 2024","Has Worked Great","Installation was a breeze, lights and fans look cool.  Not overly heavy.  Working like a champ.  No over  heating issues and fans are real quiet.",5,NA
"44","Graphics Card","GIGABYTE GeForce RTX 3060 Gaming OC 12G (REV2.0) Graphics Card","Jim","Reviewed in the United States on October 11, 2024","5.0 out of 5 stars","I bought the video card for my grandson, he enjoys playing games online.  This video card allows him to play games in much higher resolution, which he likes very much.",5,NA
"45","Graphics Card","GIGABYTE GeForce RTX 3060 Gaming OC 12G (REV2.0) Graphics Card","sang","Reviewed in the United States on October 7, 2024","","Such a beast for only $400. This graphics card can let you rock any high end games in 1080p and 1440p. I'm using it for my 1440p system and have 60-100fps on high-ultra settings. Temperature always maintains around the range 60-73¬∫C for my fan cooling setup. If you have liquid cooling, the max temp could be little bit lower.",5,NA
"46","Graphics Card","GIGABYTE GeForce RTX 3060 Gaming OC 12G (REV2.0) Graphics Card","chad","Reviewed in the United States on September 3, 2024","Great Value!  Incredible Performance!","It was not playing ball with my computer and took half a week to even work at all. Then I had to use work-arounds for over 2 months. One day it decided to just do its job 100% of the time. I have NO CLUE what was wrong and had 2 experts shake heads and say ""I see nothing wrong, it should be working, maybe get a refund."" But being lazy paid off, and now we're best friends. Great value, great output, but longer setup phase than it had any right to.",4,NA
"47","Graphics Card","GIGABYTE GeForce RTX 3060 Gaming OC 12G (REV2.0) Graphics Card","Harrison H","Reviewed in the United States on June 12, 2024","5.0 out of 5 stars","I purchased this card half a year ago now and it has performed brilliantly. Can handle every AAA title I have thrown at it, including the new Jedi game which is not well optimised.I have put this graphics card in a lenovo P520, which is NOT a PC made for gaming, though the GPU is really holding it's own and carrying the system. There really is no need to purchase a 4060, especially if your system can't take advantage of it. Even when it can, the 3060 is still really not far behind.On top of all this, it's a great looking card. The gigabyte logo has a pretty RGB backlight. Yes the card is big, so don't purchase if you can't handle the dimensions. That being said, most cases should be able to house it.",5,NA
"48","Graphics Card","GIGABYTE GeForce RTX 3060 Gaming OC 12G (REV2.0) Graphics Card","Joshua Calderon","Reviewed in the United States on October 17, 2024","","",5,NA
"49","Graphics Card","GIGABYTE GeForce RTX 3060 Gaming OC 12G (REV2.0) Graphics Card","mike","Reviewed in Canada on November 12, 2024","Nice graphics card","The media could not be loaded.",1,NA
"50","Graphics Card","GIGABYTE GeForce RTX 3060 Gaming OC 12G (REV2.0) Graphics Card","Alainthe","Reviewed in Mexico on August 29, 2024","5.0 out of 5 stars","Gaming capabilities, performance, aesthetically appealing. GREAT SCOTT WHAT A BUY!",5,NA
"51","Graphics Card","GIGABYTE GeForce RTX 3060 Gaming OC 12G (REV2.0) Graphics Card","Angus Rowlands","Reviewed in Canada on April 30, 2023","","It worked great when it did. However 2 months in an gpu is unsportted by anything cant  use it other then use it for expensive paper weight. I still waiting  on support get back to me. Been over month now.... I just want refund.or replacement  of newer quality so I can use it again.",5,NA
"52","Graphics Card","GIGABYTE GeForce RTX 3060 Gaming OC 12G (REV2.0) Graphics Card","Angus Rowlands","Reviewed in France on November 12, 2024","Works REALLY well!","Soy jugador de Fortnite y no puedo costear una tarjeta gr√°fica de alta gama, pero esta siendo una gama media sin duda alguna da +200fps en configuraci√≥n competitva y si quieres ver gr√°ficos en √©pico estar√°s entre los 50 o 60 fps. Me encanta su rgb y que funciona incre√≠ble en la PC para diferentes procesos.",5,NA
"53","Graphics Card","GIGABYTE GeForce RTX 3060 Gaming OC 12G (REV2.0) Graphics Card","Koor","Reviewed in India on April 12, 2024","5.0 out of 5 stars","",5,NA
"54","Graphics Card","GIGABYTE GeForce RTX 3060 Gaming OC 12G (REV2.0) Graphics Card","Solutions Unlimited",NA,"","Awesome card for MSFS at 1080p and keeping a constant 50 FPS. It‚Äôs very nice and quiet and easy to install. Good job Gigabyte and thanks for awesome products.",5,NA
"55","Graphics Card","GIGABYTE GeForce RTX 3060 Gaming OC 12G (REV2.0) Graphics Card","Solutions Unlimited",NA,"Great product with its value","Je continue √† faire confiance √† Gigabyte pour sa qualit√© de fabrication et sa fiabilit√©. Cette carte vient en remplacement d'une""'vieille"" 1060 et l'entr√©e dans les RTX.  Le vectoriel (tensor cores) sont effectifs, utile pour l' AI mais aussi pour l'acc√©l√©ration et le rendu en jeux et l√† c'est la claque m√™me en 1440p (Nvidia drivers version 3.5)",5,NA
"56","Graphics Card","ASUS The SFF-Ready Prime GeForce RTX 4070 Super OC Edition 12GB GDDR6X Graphics Card ","Blarney77","Reviewed in the United States on May 2, 2024","5.0 out of 5 stars","WARNING!  This is not a short review!  :-)THIS IS A BEAST!But so is my setup.  I've been a gamer since PONG! heh hehTHIS YEAR is my finally realized perfect system finished.  I BUILD my own.  Have since 1990!  (8-bit Atari before that)  But this is PERFECT for my monitor setup.  I run games at 2K!  7860x1440 Resolution and though my old RTX-2070 handled it, I had to turn down graphics settings for Ultra Wide gaming.This 4070 Super handles everything in wide rez (resolution) just as well as the standard 2560x1440 rez on just ONE monitor.WHY so many monitors?While the picture is running Valheim, I wanted this mainly to run Elite Dangerous (Awesome Space Ship Flight Simulator) in the ultra wide screen (Nvidia Surround) since I have trouble with VR.  I measured this to be nearly FIVE FEET or wrap around screens (The three bottom are ASUS 32"" Curved 2K 165hz monitors with narrow bezels.  TOP is a 28"" 2K ASUS)To see ED and Warcraft and Helldivers 2 and Division 2 and many more in this wide screen is amazing.  THIS 4070 runs great framerates above 60FPS on everything.  Many run far more than 60FPS.HOWEVER, IT IS HUGE!I have this older Rosewill THOR Full Tower case. GREAT for cooling without using AIR, Not water cooling.  But I had to move a DVD drive UP a slot to get this card to fit!  I had to be patient getting this into the slot.  SO, Before you go with this THREE FAN CARD, MEASUE WELL!  The hold down screws also were difficult to reach in this case.,  The point is, Measure, this card is very LONG and tall, HUGE heat sinks that are fantastic for cooling.  I prefer the ASUS GPU-Tweak II App (slightly older but great for me) to make good use of the fans.  NOTHING gets the temps above 55C WITHOUT the fans being noisy.  I start the fans early and reach 100% at 65 degrees C.THIS LOOKS amazing, and I also use the top monitor for web pages, Discord, etc.  I share screens a lot and watch friend's screen shares, and this card handles everything without straining!  (And it's only SLIGHTLY Overclocked.)  There is no need for more OC action.MY system runs very well on an 850W Thermaltake PS.  The card calls only for 650W!System info in case you builders need more info?THIS Video card.ASUS PRIME X570 MB with the Thermaltake 850W Toughpower Gold PS.AMD Ryzen 7 3800X CPU running plenty cool on the Wraith Cooler Fan bundled with the CPU.32G Crucial Ballistix 3600 DDR4 Ram (LED, but the LED sticks were on sale and cheaper!)2x 2TB NVMe M.2 drives and a couple of older drives for extra backup.And it has been a great setup, most parts actually came from Amazon, usually on sales)THIS 4070 Super from ASUS is also more reliable in MY  opinion because ASUS uses much better quality chips/capacitors/etc. which also, admittedly, makes them somewhat more expensive.  Far more reliable in all my builds than most other brands.  (You Get What You Par For!)",5,NA
"57","Graphics Card","ASUS The SFF-Ready Prime GeForce RTX 4070 Super OC Edition 12GB GDDR6X Graphics Card ","Blarney77","Reviewed in the United States on July 11, 2024","","I am using this 4070 Super video card for making images on my PC using Stable Diffusion (through the Fooocus interface).  It works great.  Card runs quiet and cool with a 550 watt power supply.  When using AI program, the AI program uses the CUDA cores in the card to perform its functions, and it's fast.  Much faster than the 3060 I had before.  In fact, all my AI programs which use CUDA cores are fast, like Topaz Labs Video AI, Photo AI, Gigapixel AI.  A check of resources in use via Windows task manager shows that the card doesn't heat up too much.  The two fans will sometimes speed up but unless you're paying attention, you don't really notice it.Installation and upgrading from my old video card was quick and easy.  Installation of driver software was easy too.  A check using online evaluation software showed this video card ranks with the best, topped only by 4080 and 4090 cards on benchmarks, as one would expect.  And it does this on my 550 watt power supply, which is good because it meant I didn't have to change that out.So, if you're looking for a good, reliable video card that works with a lower wattage power supply (under 600 watts), look no further.  As of mid-2024, this is the one.",5,NA
"58","Graphics Card","ASUS The SFF-Ready Prime GeForce RTX 4070 Super OC Edition 12GB GDDR6X Graphics Card ","Anthony Ho","Reviewed in the United States on February 6, 2024","Great card, Excellent addition, and Freakin"" HUGE!","If you‚Äôre looking at these reviews, chances are that you‚Äôre uncertain which GPU is best for you. In my case I looked at the 7800xt, 7900xt, 4070, 4070ti, and 4070ti SUPER, but I decided on the 4070 Super. I purchased it for 609.99, and I wouldn‚Äôt pay any more for this card.TLDR:There is no perfect option for you if price is a consideration. If money is of little consequence, buy the 7900xtx or 4080 SUPER and move on with your life. If money, or overspending, is an issue, then what GPU you purchase depends on your preference and what gaming experience you‚Äôre expecting.Pricing:- The 4070 needs to be at $500, and 4070ti at $650 for those cards to be worth buying. Right now they are not competitively priced compared to the other 4 options.- The 7800xt is priced well at $480-500, has 16GB of VRAM, and performs 5-10% less compared 4070S, Overall it is a good value card if you‚Äôre into AMD, and it could suit a lot of mid range builds quite well. Despite those factors, it just wasn‚Äôt compelling enough for me to switch to AMD.- I see the 4070ti Super as a gimmick to please the people pleading for 16GB‚Äôs VRAM. Nvidia‚Äôs plan for the 4070ti/4080 12gb release was botched and it seems like they scrambled to make this card fit in the current market. It‚Äôs not really a 4k card, and performs about 15-20% better than the 4070S in 1440p, but that doesn‚Äôt doesn‚Äôt justify a 33% price increase. I would have bought that card if it was $700. Im glad I didn‚Äôt buy it because I would rather wait for Nvidia‚Äôs 5000/6000 lineup to see if they come out with actual planned mid range competitive 16-20GB cards.- The 7900xt is a great price around $720, and probably the card you should buy if you are willing to go with AMD and want something in the high end.Preference and Bias:My problem is that I have a bias towards Nvidia. I‚Äôve had three generations of good performance from them, and I bet some of you do as well. With the amount of money Nvidia is investing in AI I believe DLSS and upscaling will be a big part of GPU strategy for the next couple of generations. Obviously time will tell, but if features like that can provide a premium gaming experience that rivals GPU‚Äôs 2x the price, it kind of changes the game. Latency is the biggest drawback for frame gen right now, but what if it was reduced to barely noticeable levels? I mean the point of games for most people is to unplug and have fun, and I think DLSS can really help people do that. I used FSR 2.0 on my 1080ti and it really helped me buy time on modern games so I could wait a little longer to get a new GPU. It‚Äôs possible that DLSS can push my 4070S performance an extra year and allow my money stretch that much further.My second bias is my perspective of AMD. I think AMD dropped the ball this generation and could have done a better job enticing Nvidia users with their marketing and initial pricing in early 2023. Every company is out to make a profit, sure, but AMD needs to build up their credibility through pricing like we see in the 7800xt, and their initial pricing hurt their credibility. I‚Äôm not expecting AMD to be the savior of this industries pricing, but users  should be able to look at their GPU‚Äôs and believe they are paying for a premium product. I honestly don‚Äôt feel that way about AMD GPU‚Äôs, but I would love to be wrong.MY EXPERIENCE:I upgraded from a 1080ti. I play 5-10 hours a week on a 1440p 144hz monitor and my 1080ti was way past it‚Äôs prime. This 4070 SUPER can achieve 144fps+ on the games I play, without DLSS, on high - ultra settings. I don‚Äôt play the most demanding games, and probably won‚Äôt. I play things like: Darktide, Halo Infinite, BF2042, Dead space remake, and much older games.****I will say that DLSS really smooths out the frames for me in newer games, and I honestly appreciate turning it on quality in games I get 100+ FPS native. I have more issues with game server lag and my Xfinity internet than I do with DLSS and frame gen latency. But keep in mind that I have a small pool of games.****Anyways, my PC gaming experience over the last 10 years of tells me I have 3-4 years of great gaming FPS ahead on this GPU. I play the same games for 2-3 years anyways, so my hardware needs won‚Äôt go up for at least that long. There is also no such thing as future proofing, so I know I‚Äôm going to need a new GPU in less than 5 years if I want good performance on 1440p. I just ask myself ‚Äúwhy spend more money than I need to, when I can buy something that will be good enough for what I need for the next 3-5 years‚Äù.Build Notes:This Asus dual is a compact size, and the cooler is surprisingly efficient. I push 242W on my overclock, and in my toughest stress tests reach 58-62 C. For my current build I paired the 4070S with a 13700KF on 32gb DDR5 and it‚Äôs great. I‚Äôm sure it could be paired with a 13600K or a 7700x and be just as good. The upgrade from the Pascal generation is very significant, and I‚Äôm pleased so far. Honestly ray tracing doesn‚Äôt blow me away‚Ä¶it depends on the game, but this card performs very well with RT enabled and DLSS/frame gen on. It OC‚Äôs very well and is quieter than my 3 fan EVGA 1080ti. My gaming temps @80% fan speed are around 58 F.If you‚Äôre considering buying the 4070 SUPER, I encourage you to be honest with yourself about what you need. Don‚Äôt just buy something because you can get up sold, buy it because it does what you need it to do and be content with that. In the words of Qui-Gon Jin ‚Äúthere is always a bigger fish‚Äù.Personally, I was torn on spending $800 on the TIE SUPER, but I decided against it because I can pay $600 to enjoy the games I play. I just can‚Äôt rationalize the purchase with Nvidia‚Äôs pricing this generation. I am married, I spend a lot of time on hobbies outside of my computer, and although $200 extra isn‚Äôt breaking the bank, it‚Äôs no compelling.My advice:I bought the top of the line card in 2018 for $756, and it was a great card for 4-5 years. Spend what you can comfortably spend, and be content with your purchase. The only person that cares about your PC is you. As PC enthusiasts we need to be comfortable with a 3-5 year GPU shelf life regardless of spending $1000 or $600 on a GPU.Cheers, good luck üëçüèº",5,NA
"59","Graphics Card","ASUS The SFF-Ready Prime GeForce RTX 4070 Super OC Edition 12GB GDDR6X Graphics Card ","Uriah","Reviewed in the United States on November 2, 2024","5.0 out of 5 stars","I've been building PCs for quiet some time now and I know when I'm getting a good deal. This is by far one of the best graphics card I've owned as I can get 250+ fps on low setting games and 180+ fps on 4k. Yes this card can run 4k all day long with no issues or glitches. I would highly recommend this card if you're looking for something that will help your game play look better, run smoother than ever, without any problems. The price is well under the market and the quality is top notch. 10/10.",5,NA
"60","Graphics Card","ASUS The SFF-Ready Prime GeForce RTX 4070 Super OC Edition 12GB GDDR6X Graphics Card ","Uriah","Reviewed in Mexico on November 24, 2024","","La verdad no pensaba que fuera tan linda, pues creo que es un producto muy nuevo. Si buscabas ensamblar en blanco, pues queda perfecta!Eso si, no tiene nada de rgb ni iluminaci√≥n, dir√≠a que es bastante minimalista.",5,NA
"61","Graphics Card","ASUS The SFF-Ready Prime GeForce RTX 4070 Super OC Edition 12GB GDDR6X Graphics Card ","Mustafa aljoher","Reviewed in Mexico on October 16, 2024","Great performing video card for AI","",5,NA
"62","Graphics Card","ASUS The SFF-Ready Prime GeForce RTX 4070 Super OC Edition 12GB GDDR6X Graphics Card ","Marco Alejandro","Reviewed in Mexico on October 6, 2024","5.0 out of 5 stars","Correo todos los juegos actuales, excelente inversi√≥n que puedes hacer",5,NA
"63","Graphics Card","ASUS The SFF-Ready Prime GeForce RTX 4070 Super OC Edition 12GB GDDR6X Graphics Card ","Raul Rangel Pacheco","Reviewed in Mexico on October 2, 2024","","",5,NA
"64","Graphics Card","ASUS The SFF-Ready Prime GeForce RTX 4070 Super OC Edition 12GB GDDR6X Graphics Card ","Leonardo","Reviewed in Mexico on September 23, 2024","A ‚ÄòSuper‚Äô reasonable purchase.","Es muy bueno lo utilizo en una pantalla LG 27"" 4K 60@ y va exelente.Y las temperaturas solo llegan a 63¬∞Y de tama√±o de largo es de 30.2cm",5,NA
"65","Graphics Card","ASUS The SFF-Ready Prime GeForce RTX 4070 Super OC Edition 12GB GDDR6X Graphics Card ","Leonardo",NA,"5.0 out of 5 stars","",5,NA
"66","Graphics Card","ASUS The SFF-Ready Prime GeForce RTX 4070 Super OC Edition 12GB GDDR6X Graphics Card ","Jorge Delgado",NA,"","La tarjeta ven√≠a con sus sellos y pl√°sticos como los debe de traer una tarjeta nueva, de no ser as√≠ la devolver√≠a de inmediato. Funciona bien y el desempe√±o no ha sido tan exigido como para notar una diferencia muy notoria contra mi RTX 3060.Aseg√∫rense de que venga su adaptador de 12 pines a x2 de 8 para conectarla a su fuente.*Usen 2 cables distintos para este adaptador* (que deber√°n conectar a su fuente de poder), no usen el mismo cable para los 2 puertos de 8 pines, ya que con un uso exigente puede quemar la tarjeta (le√≠ varios foros de Reddit al respecto del modo de conexi√≥n)Si este adaptador no viene en la GPU les recomiendo solicitarlo al vendedor o devolver la GPU ya que, probando otros adaptadores en la GPU de un amigo que tambi√©n la compr√≥ y no ven√≠a en la caja, no funcion√≥ con el m√≠o y no logramos hacer que diera video",5,NA
"67","Graphics Card","ASUS The SFF-Ready Prime GeForce RTX 4070 Super OC Edition 12GB GDDR6X Graphics Card ","sergio",NA,"By far the best GPU I've owned.","",1,NA
"68","Graphics Card","GIGABYTE GeForce RTX 4060 Gaming OC 8G Graphics Card","Levy Grant","Reviewed in the United States on September 24, 2024","5.0 out of 5 stars","5/5 - worth the money entirely! Great card for a great price.",5,NA
"69","Graphics Card","GIGABYTE GeForce RTX 4060 Gaming OC 8G Graphics Card","Lantana Al","Reviewed in the United States on July 30, 2024","","So far so good. It's working well in my new AMD 7600X build for productivity (not gaming). It's been very quiet unlike my previous EVGA 3050 video card that made annoying fan startup noises. It runs 4 monitors. See photos.Search Google for ""2024 Development Computer Build"" (with the quotes) for more info about my new build.",5,NA
"70","Graphics Card","GIGABYTE GeForce RTX 4060 Gaming OC 8G Graphics Card","Lantana Al","Reviewed in the United States on September 22, 2024","Very quiet and very good","Great product",5,NA
"71","Graphics Card","GIGABYTE GeForce RTX 4060 Gaming OC 8G Graphics Card","Mcglojes JRM","Reviewed in the United States on May 18, 2024","5.0 out of 5 stars","Recientemente adquir√≠ la GIGABYTE Tarjeta gr√°fica GeForce RTX 4060 Gaming OC 8G y no podr√≠a estar m√°s satisfecho con mi compra. Esta tarjeta gr√°fica es una verdadera joya, ideal tanto para los entusiastas de los videojuegos como para los profesionales que requieren un rendimiento gr√°fico excepcional para trabajos de edici√≥n de video.Rendimiento increible: Desde el momento en que instal√© la tarjeta, not√© una mejora significativa en la calidad gr√°fica de mis juegos. Los juegos m√°s exigentes funcionan de manera fluida, con tasas de fotogramas altas y estables incluso en configuraciones ultra.Edici√≥n de video sin esfuerzo: Adem√°s de su excelente rendimiento en juegos, esta tarjeta gr√°fica es perfecta para trabajos de edici√≥n de video. Procesa r√°pidamente archivos grandes, 4k o superiores y maneja m√∫ltiples capas y efectos sin ning√∫n problema en programas de edici√≥n. La aceleraci√≥n de hardware es notable, lo que reduce considerablemente los tiempos de renderizado y mejora la eficiencia general del flujo de trabajo.Dise√±o y construcci√≥n de alta calidad: La tarjeta viene con un dise√±o robusto y atractivo, con un sistema de refrigeraci√≥n avanzado que mantiene la temperatura bajo control incluso durante largas sesiones de uso intensivo. Los ventiladores funcionan de manera silenciosa y eficiente, asegurando que la tarjeta se mantenga fresca sin generar ruido molesto.Conectividad y compatibilidad: Con m√∫ltiples puertos, incluyendo HDMI y DisplayPort, esta tarjeta ofrece una gran versatilidad para conectar m√∫ltiples monitores y disfrutar de una experiencia multitarea mejorada. No tuve ning√∫n problema de compatibilidad con mi configuraci√≥n actual, lo cual es un gran punto a favor.la grafica GIGABYTE GeForce RTX 4060 Gaming OC 8G es una excelente inversi√≥n para cualquiera que busque un rendimiento gr√°fico superior tanto para juegos como para edici√≥n de video.  ¬°Altamente recomendada!",5,NA
"72","Graphics Card","GIGABYTE GeForce RTX 4060 Gaming OC 8G Graphics Card","Harold","Reviewed in the United States on November 7, 2024","","",5,NA
"73","Graphics Card","GIGABYTE GeForce RTX 4060 Gaming OC 8G Graphics Card","ENVERSON CONTRERAS","Reviewed in the United States on November 4, 2024","Works well, quiet","Me gust√≥ el producto",5,NA
"74","Graphics Card","GIGABYTE GeForce RTX 4060 Gaming OC 8G Graphics Card","nick lane","Reviewed in the United States on October 29, 2024","5.0 out of 5 stars","",4,NA
"75","Graphics Card","GIGABYTE GeForce RTX 4060 Gaming OC 8G Graphics Card","malachi","Reviewed in the United States on September 6, 2024","","Works great. Caused a bios error for two non existent fans (Alienware issue not graphic card). Solved problem by adding two additional fans to computer.",5,NA
"76","Graphics Card","GIGABYTE GeForce RTX 4060 Gaming OC 8G Graphics Card","Kiryu","Reviewed in Mexico on September 15, 2024","Great product","Streaming, running multiple displays and playing BO6 using only 4% of the GPU",5,NA
"77","Graphics Card","GIGABYTE GeForce RTX 4060 Gaming OC 8G Graphics Card","Kiryu","Reviewed in Canada on August 30, 2024","5.0 out of 5 stars","Me encanta, pongo el juego del wukong a graficos cinematicos full ray tracing pero no es jugable en mi humilde opinion asi que no juego con ray tracing. Pero en general es una buena opcion para el 1080p siendo una grafica economica a mi parecer, pero se nota que este juego unreal engine 5 no alcanza ya ni los 60 fps asi que por lo unico que me gusta de jugar con esta grafica son las temperaturas bajas, aunque claro este rendimiento tiene un undervolt en mi 5700x y tampoco tengo ram ddr5 asi que tampoco me arme una pc costosa.",5,NA
"78","Graphics Card","GIGABYTE GeForce RTX 4060 Gaming OC 8G Graphics Card","Andr√©s Jim√©nez Figueroa","Reviewed in Canada on September 22, 2024","","",5,NA
"79","Graphics Card","GIGABYTE GeForce RTX 4060 Gaming OC 8G Graphics Card","Josue Rojas","Reviewed in Mexico on September 8, 2024","Incre√≠ble rendimiento y calidad","Eficiente en luz si tu prop√≥sito es tener buen rendimiento sin tener que cambiar fuente, ya que gasta aproximadamente 110W, sobre todo si reemplazas una grafica antigua como una 1060",5,NA
"80","Graphics Card","GIGABYTE GeForce RTX 4060 Gaming OC 8G Graphics Card","Jun Kim","Reviewed in Canada on July 13, 2024","","",5,NA
"81","Graphics Card","GIGABYTE GeForce RTX 4060 Gaming OC 8G Graphics Card","Jun Kim",NA,"5.0 out of 5 stars","It has a very good performance for any type of video game, getting between 100+ FPS is a good buy if you have a 5 gen processor. It also has a good ratio between performance and graphics quality but if you just want performance I have no doubt that you will get up to 350+ FPS depending on the game.",5,NA
"82","Graphics Card","GIGABYTE GeForce RTX 4060 Gaming OC 8G Graphics Card","Pablo Rodr√≠guez",NA,"","",5,NA
"83","Graphics Card","GIGABYTE GeForce RTX 4060 Gaming OC 8G Graphics Card","Louis",NA,"Exelente","Buena tarjeta gr√°fica, software de Gigabyte muy bueno",5,NA
"84","Graphics Card","RX 580 8GB Graphics Card, 2048SP,GDDR5,256 Bit Graphics Card for Gaming PC","Karen Anstine","Reviewed in the United States on May 19, 2023","5.0 out of 5 stars","so its only been 2 days and havent stressed it very hard and I also upgraded the ram from 4gb to 16gb ddr3 1600hz 2x8gb sticks runs way faster just wish ram but befor it didnt stand a chance with games with no dedicated gpu only on board intel hd bs junk with no gpu memory so I did my research 3.0 work in a 2.0 so just went with the high gb gpu for the cheapest and ran across this even for being a few gens olds it does handle game well with the proper amount of ram as well 16gb ram and a 8gb gpu and running on a i5-4570 3.2ghz cpu is what im running stock cooler case open using a old stock dell optiplex....its run forza horizon 5 no issues that is the only high gpu demanding game iv tried at the moment I had window defender issue deleting my torrent files even tho everything was off that needed to be I never had such issues before with torrent but I got everything working also using a external 1Tb firecuba rgb for the game I had a perfectly fine ssd m.2 from my own rig that I tried using in a sabrent ssd adapter but think it was defected and didnt work cause ssd work fine when place back in my rig...im upgrading my father inlaws old pc for my nephew inlaw fml ask if it can play forza horizon 5 last week and iv never laughed out loude so hard in my life hes 15years old bless him so I spent the money and secretly upgraded it cause my father inlaws kinda one of those we will say just dont want him knowing I had to run the new power supply threw the back open pcie slow and tapped the new power supply to the top of the case and used the origianl since the power supply i ordered didnt have the rite pins so i left it in ghetto rigged the new power supply to just power the gpu and works fine no issues",5,NA
"85","Graphics Card","RX 580 8GB Graphics Card, 2048SP,GDDR5,256 Bit Graphics Card for Gaming PC","leo s.","Reviewed in the United States on January 25, 2024","","I spent 85$ on this GPU and for the price it runs pretty well! I used it to build a cheap LAN PC so I could bring it to friend's houses for gaming sessions.(Don't forget to DL Drivers from AMD, and turn off the Zero DB fan option in the AMD driver suite, keeping the fans running keeps the card cooler from the get go)Pros -beefy cooling system - with the right fan curves, my sample stayed around 48-54C under load. I have had other rx580 2048SP models that regularly heat right up to 60-65C under load with fan curves.Easy setup - downloaded drivers from AMD's website, and was right to work testing games.Size - at 235mm it will fit most builds easily!Cons - noise - the fans are a little loud on my sample, not a big deal because I wear headphones, but just a heads upNonstandard power plug - this GPU, like many other rx 580's comes with a gaudy black and yellow power adapter that you have to plug in to your pcie power cables and the run to the card, really wish that wasn't the case.Legacy Driver support - recently the 580 series cards are being fast tracked to legacy driver support, these cards are still great budget cards, but you might not have day one support for newly released games.Benchmarks - This GPU isn't gonna win any rewards, but if you're just looking for a GPU to get you into gaming, this is a great starter! The build specs are; I3 10305, 16gb ram, and Surallow rx580 2048sp, a great snapshot for a low end system.Genshin Impact: 1080p medium graphics, 1.0 render setting 60 FPS avg 54fps 1% low (this was testing in fontaine, which is harder graphically than other regions)Fortnite: 1080p medium graphics, TSR medium, 100% render res, epic view distance, with reflections off but global illumination on. 60-70 avg 50Fps 1% lowHorizon Zero Dawn - 1080p original graphics 50-55 Fps avg 48 fps 1% lowWar Thunder - 1080p high graphics 60-65 fps avg 52 Fps 1% lowHalo MCC(tested in Reach) - 1080p enhanced graphics 60-68 Fps avg 54 Fps 1% lowConclusion - The Surallow RX 580 2048SP is a solid performer amongst other RX 580 2048SP cards on the market, and would make a solid starter or budget option for a GPU. Don't expect to get insane performance from the card, but for the price(85$), it really does hold it's own, and well I'd 100% take it over onboard graphics anyday.",5,NA
"86","Graphics Card","RX 580 8GB Graphics Card, 2048SP,GDDR5,256 Bit Graphics Card for Gaming PC","Max J Kohler","Reviewed in the United States on September 19, 2024","AMAZING BUDGET GPU RUN EVERYTHING WITH 16GB RAM","This a decent card. Is a little underpowered by today‚Äôs standards, but fits the build if that build is a budget one. I‚Äôve only used it to play one game (FFX) but it ran a consistent 24-27 FPS on my 4k tv. It‚Äôll probably be better suited to 1080p vs 4k. It‚Äôs really meant for 1080p gaming. Mine just happens to be a living room PC hooked to my tv. I‚Äôm sure FOS would be far better on 1080p. No issues with the card though. Very good quality!",4,NA
"87","Graphics Card","RX 580 8GB Graphics Card, 2048SP,GDDR5,256 Bit Graphics Card for Gaming PC","MtherofDorkness","Reviewed in the United States on August 5, 2024","5.0 out of 5 stars","I DON'T recommend this AT ALL. It was installed by a professional and it failed within a week. I've already returned it but apparently the refund will take its sweet time, even though the item was clearly defective. Complete garbage, poor quality, no value.",1,NA
"88","Graphics Card","RX 580 8GB Graphics Card, 2048SP,GDDR5,256 Bit Graphics Card for Gaming PC","MtherofDorkness","Reviewed in the United States on April 19, 2024","","Purchased a used Dell Precision T1700 desktop back in November of 2023.  Stored it in my Garage til this week.  I broke it open. It came with intel core i5 procesor preinstalled windows ten pro. but with only 8 gigs of ddr3 memory and an NVDIA VSN 350 VIDEO CARD WITH JUST 512 MB OF RAM.  I upgraded the memory to the max at 32 purchased a wifi card and even purchased a gen 4 pcie 1 tb lexar 780 to put in an enclosure and attach it internally to the only PCI EXPRESS SLOT  that the computer came with. I connected the desktop to my vizio Non smart tv monitor which is 24 inches by means of the vga cable.  I immediately noticed that the resolution was out of wack.  So I looked up some video cards on amazon and found the 8 gig AMD RADEON 580 FOR THE ONLY PCI EXPRESS SLOT THAT MY COMPUTER HAD. SO I TOOK OUT THE GEN 4 PCIE SSD DRIVE AND ENCLOSURE FROM THE PCI EXPRESS SLOT AND REPLACED IT WITH THIS HUGE (LOOKED LIKE A LOAF OF BREAD) VIDEO CARD WITH TWO HUGE FANS.  TOOK ME SECONDS TO INSTALL IT. FIRED UP MY DESKTOP, DOWNLOADED THE LATEST SOFT WARE AN DRIVERS FROM THE AMD WEBSITE AND NOW SINCE MY DESKTOP IS CONNECTED TO THE TV MONITOR VIA HDMI AND NOT VGA THE AUDIO IS COMING OUT OF THE SPEAKERS FOR THE TV MONITOR AND NOT THE COMPUTER. AUDIO SOUNDS MUCH BETTER. PLUS A STEAM GAME I'VE BEEN PLAYGING COMMAND AND CONQUER RED ALERT REMASTER INSTALLED IN TEN MINUTES. WITHOUT THIS VIDEO CARD INSTALLED IT TOOK ME OVER AN HOUR TO INSTALL THE SAME GAME SO YES THIS VIDEO CARD DOES SPEED UP INSTALL SPEEDS ON THE COMPUTER. VERY HAPPY WITH THIS PURCHASE. IT WAS VERY AFFORDABLE AND DID EXACTLY WHAT IT WAS SUPPOSED TO DO. TEN STARS FOR AMD.",1,NA
"89","Graphics Card","RX 580 8GB Graphics Card, 2048SP,GDDR5,256 Bit Graphics Card for Gaming PC","kARL GANNON","Reviewed in the United States on October 31, 2024","Good budget option","It works good",5,NA
"90","Graphics Card","RX 580 8GB Graphics Card, 2048SP,GDDR5,256 Bit Graphics Card for Gaming PC","Valery Carracedo Vega",NA,"4.0 out of 5 stars",NA,5,NA
"91","Graphics Card","ASUS Dual NVIDIA GeForce RTX 3050 6GB OC Edition Gaming Graphics Card","Los Angeles User","Reviewed in the United States on October 26, 2024","5.0 out of 5 stars","I bought it for using the Google Fooocus AI, it's perfect. Recommend it for entry level generative AI use before spending thousands of dollars on a graphics card. This one works well with acceptable performance.",5,NA
"92","Graphics Card","ASUS Dual NVIDIA GeForce RTX 3050 6GB OC Edition Gaming Graphics Card","Robelin","Reviewed in the United States on October 16, 2024","","Nvidia is quality and so is Asus, it works perfectly and you can play decent games with full HD and if you activate the dlss even better, I recommend it",5,NA
"93","Graphics Card","ASUS Dual NVIDIA GeForce RTX 3050 6GB OC Edition Gaming Graphics Card","Eddy r","Reviewed in the United States on November 8, 2024","Works perfectly with Google Fooocus Generative AI","I bought this to replace a dead gtx 1650, I was immediately impressed by the ease of installation and the leap over the 1650. It more than twice as powerful as the 1650 really amazed it does all of this and doesn't need any extra power connectors really great graphics card for the budget pc builds . 5 stats.",5,NA
"94","Graphics Card","ASUS Dual NVIDIA GeForce RTX 3050 6GB OC Edition Gaming Graphics Card","Derrick Cypress","Reviewed in the United States on January 31, 2024","5.0 out of 5 stars","First off, I would like to say that the gpu works as intended and everything from physical installation to software installation of the drivers was straight forward and very simple to work with. What I'd like to point out for those like me who didn't know this is; you need an 8-Pin power cable to make the 3050 work properly. My previous gpu's never needed this extra power cord to work so I wasn't anticipating I would need an extra cable. For reference, my setup only had 6-Pin power cables.The only way to know you'd need an 8-Pin power cable is by looking at the bottom of the box the 3050 comes in. The description/summary here on Amazon doesn't mention you need an 8-Pin cable as far as I've seen so I wanted to let people know this before getting the thing, then finding out after installing it that they needed an extra cable they could've gotten along with their order.Also, for reference, I got an 8-Pin cable with a SATA connection to make the gpu work. Hope this helps.",4,NA
"95","Graphics Card","ASUS Dual NVIDIA GeForce RTX 3050 6GB OC Edition Gaming Graphics Card","John","Reviewed in the United States on June 1, 2024","","This product was a very cheap way to significantly upgrade my PC's graphics capabilities. It performs as well as I hoped, it hasn't increased the noise my PC produces, and it's great for running Overwatch. It was extremely easy to install, as well. This is a great budget graphics card in the current market.",5,NA
"96","Graphics Card","ASUS Dual NVIDIA GeForce RTX 3050 6GB OC Edition Gaming Graphics Card","Belkis","Reviewed in the United States on November 12, 2024","What to say about Asus and Nvidia","It worked as expected. Excellent, I was able to solve the freezing problems in my demanding games and I was able to use my Flight Simulator",5,NA
"97","Graphics Card","ASUS Dual NVIDIA GeForce RTX 3050 6GB OC Edition Gaming Graphics Card","TB","Reviewed in the United States on August 5, 2024","5.0 out of 5 stars","I can't really speak to specs but works great with my HD monitors and runs all the PS3, PS2, and Steam games at 1080HD 60 fps.",5,NA
"98","Graphics Card","ASUS Dual NVIDIA GeForce RTX 3050 6GB OC Edition Gaming Graphics Card","Gilberto","Reviewed in the United States on September 6, 2024","","Upgraded from a 1060 to this 3050 runs smoother and has more memory, am happy with the purchase It is on a 2017 Omen Pc, and it's running great !",5,NA
"99","Graphics Card","ASUS Dual NVIDIA GeForce RTX 3050 6GB OC Edition Gaming Graphics Card","Frank","Reviewed in Canada on August 11, 2024","Great bang for the buck","I have a PC from 2012 that I have been gradually upgrading over the years. Before this upgrade, I was working with a GTX 660ti and i5-3570k. At one point, I had a GTX 980ti, which was $1000 shipped when it launched, also from Asus; however, that GPU failed after 7 years of use and I was forced to revert back to the GTX 660 ti. Now, this RTX 3050 is about on par with the 980ti from all those years ago, for $282.49 shipped, but it also has ray tracing cores and DLSS, is powered by the motherboard, and is very sleek and modular. It drives my 1440p monitor for esports at 165fps, and can also achieve 4k @ 30 fps for relatively recent single player titles, with the right settings (relying on DLSS or lowered settings, depending on the game).  My options were either the GTX 1650 or RTX 3050, and I am glad dropped the extra $100 on the RTX 3050. I know the card has a bit of a reputation online, but I think that if you're looking to modernize an older setup, are locked into Nvidia's platform, and like the idea of a modular and low powered card, this could be a solid choice!",5,NA
"100","Graphics Card","ASUS Dual NVIDIA GeForce RTX 3050 6GB OC Edition Gaming Graphics Card","Alfredo","Reviewed in Mexico on February 18, 2024","4.0 out of 5 stars","El producto al instante que llego lo instale, ni me causo ningun problema y funciona super bien, aun estoy haciendo pruebas con la pc y al parecer todo esta super bien",5,NA
"101","Graphics Card","ASUS Dual NVIDIA GeForce RTX 3050 6GB OC Edition Gaming Graphics Card","Cliente de Kindle","Reviewed in Mexico on September 25, 2023","","",1,NA
"102","Graphics Card","ASUS Dual NVIDIA GeForce RTX 3050 6GB OC Edition Gaming Graphics Card","Bill Evanochko","Reviewed in Canada on November 17, 2022","If you don't have an 8-Pin power cable or something similar, this should help","No es una tarjeta estable, he tenido decenas de tarjetas de videos de todas las marcas, modelos etc. Todos mis workststions siempre funcionando 24/7 ya que los usos para servidores de.video y contenido para eventos en vivo, brodcast, corporativos etc. Y nunca tuve una tan mala como esta, saca ruido digital, se traba, no levanta la compu, y por error tire la caja y ya no la pude regresar, muy mal esta tarjeta, ademas de que amazon no da la garantia, te manda directo con el vendedor.",5,NA
"103","Graphics Card","ASUS Dual NVIDIA GeForce RTX 3050 6GB OC Edition Gaming Graphics Card","Nilochas Re","Reviewed in Singapore on July 16, 2024","5.0 out of 5 stars","",5,NA
"104","Graphics Card","ASUS TUF Gaming GeForce RTX‚Ñ¢ 4060 Ti OC Edition Gaming Graphics Card","Noah","Reviewed in the United States on October 11, 2024","5.0 out of 5 stars","PerformanceThis card handles demanding games and creative software smoothly. With 16GB of GDDR6 memory, it excels in high-resolution tasks, whether you‚Äôre gaming at 1440p or working with large video files.Cooling and DesignASUS has done a great job with the cooling system. The dual fans keep the card quiet and cool under load, which is a plus for long gaming or editing sessions. The build feels sturdy, and the design is sleek, fitting well into most setups.FeaturesSupport for NVIDIA‚Äôs DLSS and ray tracing adds significant value for gamers looking for better visuals. The ProArt features make it particularly appealing for content creators, allowing for fine-tuned performance settings.ConnectivityWith multiple HDMI and DisplayPort options, you can easily set up multi-monitor configurations or connect to high-refresh-rate displays.ValueFor the performance it offers, this card is reasonably priced, making it a great investment for those looking to upgrade without breaking the bank.Final ThoughtsOverall, the ASUS ProArt GeForce RTX‚Ñ¢ 4060 Ti 16GB OC Edition is a strong contender in its category, balancing performance and versatility. It‚Äôs a worthwhile option for gamers and professionals wanting reliable performance in a single card.",5,NA
"105","Graphics Card","ASUS TUF Gaming GeForce RTX‚Ñ¢ 4060 Ti OC Edition Gaming Graphics Card","Bridgett","Reviewed in the United States on September 19, 2024","","My 14 year old son built his own gaming computer.  He says that the ASUS Graphics Card works best and it delivers outstanding performance for gaming, video editing, and all your graphics-intensive tasks. Known for its robust build quality and advanced cooling technology, this graphics card ensures smooth and reliable performance even during the most demanding applications. With impressive specs and efficient power consumption, it‚Äôs a great choice for both gamers and professionals seeking high-quality graphics and enhanced system performance. If you‚Äôre looking for a graphics card that combines power, reliability, and cutting-edge features, ASUS is a top contender!",5,NA
"106","Graphics Card","ASUS TUF Gaming GeForce RTX‚Ñ¢ 4060 Ti OC Edition Gaming Graphics Card","Tony Watkins","Reviewed in the United States on November 10, 2024","best  version of 4060","This product is very good and still in good condition. I've had no bad experience or any major issues at all. Was able to get this day after thanksgiving. Love the size, amazing speed, barely hear the noise, very smooth and fast gaming experience.",5,NA
"107","Graphics Card","ASUS TUF Gaming GeForce RTX‚Ñ¢ 4060 Ti OC Edition Gaming Graphics Card","SRTRANDY","Reviewed in the United States on October 1, 2024","5.0 out of 5 stars","So I had an old gaming pc that I custom built about 9 years ago. It had the Asus Rog Strix 1060 6gb, and an old gen 4 i5 CPU. I overclocked the 1060 pretty hard for the past 5 years, and it‚Äôs been great for the most part, but not quite good enough of Microsoft Flight simulator 2020.I decided to just completely upgrade and build a newer more modern gaming pc from the ground up, and I chose this Asus TUF 4060ti, because I‚Äôve always had great results with Asus. Always works, and they last a long time, and the build quality is absolutely perfect. Great quality materials, and the board is solid. Also, the card looks great. I always love ASUS cards because they look amazing.One thing I do not like is the 8gb of vram. I wish it had 12gb. But I knew this before I bought the 4060ti, but to be honest, I get great 60 FPS in MSFS, with the graphics settings basically maxed out, except motion blur and bloom off with Direct X11. It does struggle with DX12, but there really isn‚Äôt a huge noticeable difference with graphics quality, so I‚Äôm using DX11.People hate the 4060ti, but in reality the actual performance you get with it is great. You shouldn‚Äôt always look at the numbers and the specs.Price of this 4060ti is also great. And you get triple fans, so cooling is definitely not an issue with minor overclocking.Overall, I‚Äôm very very happy with my purchase, and I get great 80-100fps performance on basically every game/simulator with graphics maxed out.",5,NA
"108","Graphics Card","ASUS TUF Gaming GeForce RTX‚Ñ¢ 4060 Ti OC Edition Gaming Graphics Card","Gina Tomczyk","Reviewed in the United States on November 10, 2024","","This card is fantastic and you would think there wouldn't be much difference between this one and the PNY version but there are ! First of all the ASUS 4060 Ti is already overclocked thus clock speeds are faster then the PNY version. You'll need a minimum 650 watt CPU and the card takes up 2.5 slots but it's a beast compared to PNY RTX GeForce 4060 16GB. Ti/OC cards have better cooling fans and plating plus they're already overclocked.You don't need to do anything as in my opinion overclocking a GPU these days  just ain't worth it only to get 3-5 extra FPS.By the time you 'correctly' OC your card you might have to spend a lot of time adjusting the settings ,going through the card crashing etc.Just not worth it. Do yourself a favor and even tho' the PNY one is 'thinner' ,it's also slower/weaker ! I love this card. It handles demanding games like butter. Just bump-up Core Voltage ,Power Limit and Temp. Limit to the max with MSI Afterburner and you're done.This is a pretty good card unless you really wanna play at  4K or beyond  ,in which case it still performs well but obviously not as good as the RTX 4090 or anything. Just make sure you have at least a 700 watt PSU.Mine is 800.",5,NA
"109","Graphics Card","ASUS TUF Gaming GeForce RTX‚Ñ¢ 4060 Ti OC Edition Gaming Graphics Card","Dragon Aspect Shanira","Reviewed in Canada on August 31, 2024","Exceptional Performance...My son built his computer and used this!","I bought this RTX 4060 Ti to replace a dying RTX 3060 I had before and I am so impressed with the performance and power consumption that it requires!I bought this card to get some features I didn't have before as a YouTube Content Creator, I had to buy this!Works like it should and as advertised just fine!  I was having so much LAG and issues with my other RTX and this one solved everything!  Yay!",5,NA
"110","Graphics Card","ASUS TUF Gaming GeForce RTX‚Ñ¢ 4060 Ti OC Edition Gaming Graphics Card","Dragon Aspect Shanira","Reviewed in Mexico on July 12, 2024","5.0 out of 5 stars","Super√≥ mis expectativas!",5,NA
"111","Graphics Card","ASUS TUF Gaming GeForce RTX‚Ñ¢ 4060 Ti OC Edition Gaming Graphics Card","Marco","Reviewed in Mexico on May 16, 2024","","",5,NA
"112","Graphics Card","ASUS TUF Gaming GeForce RTX‚Ñ¢ 4060 Ti OC Edition Gaming Graphics Card","Viviana Hurtado","Reviewed in Mexico on April 21, 2024","Been almost a year","Pase de una RX 570 de 8gb a esta belleza y puedo decir que fue un buen cambio,  puedo jugar cualquier cosa a 2k a m√≠nimo 60fps (esto con las configuraciones en ultra-altos) si las bajo de alto hasta la configuraci√≥n m√°s baja olv√≠dense , m√°s de 120.1.- Rendimiento: En cuanto al rendimiento como ya mencion√© arriba si buscas jugar en 2k y no quieres gastar m√°s de 10k pesos esta es una buena opci√≥n, lo m√°s pesado que he jugado es el cyberpunk 2077 en 2k graficos en ultra-altos y ronda entre los 50-60 fps, bajandole la calidad vuela.2.- Calidad Gr√°fica: Nada que decir, una chulada, aguanta perfectamente cualquier programa de dise√±o que le pongas.3.- Temperaturas y ruido: Me sorprendi√≥ mucho este apartado, las temperaturas a√∫n jugando cosas como cyberpunk o ready or not nunca me han pasado de los 80¬∞, casi siempre se mantiene en 60-70¬∞ lo cual es  una maravilla y por su puesto tiene la tecnolog√≠a de que si no estas ocupando mucha carga grafica los ventiladores no est√°n funcionando para no gastar energ√≠a.4.- Compatibilidad: para m√°s detalle mi equipo cuenta con un Ryzen 5 5600g, Asus rog strix gaming wifi II, 32gb ram y una fuente de poder de 650w NZXT5.- Caracter√≠sticas adicionales: vino con un lindo soporte para celular armable.6.- Durabilidad: Los productos Asus siempre se han destacado por durabilidad y calidad y esta no es una excepci√≥n.CUIDADO: Si es tu primera vez comprando esta gama de graficas en especifico este modelo tiene demasiados stickers de protecci√≥n que tienes que retirar antes de colocar la gr√°fica, hubo uno en especifico que esta en la parte trasera que por poco no me doy cuenta, ese es el √∫nico punto malo que le veo,  muy f√°cilmente puede pasar desapercibido, ojo ah√≠ asus o poner m√≠nimo pesta√±itas para reconocer que hay un sticker ah√≠.En general, si no quieres gastar m√°s de 10k y ocupas una tarjeta para jugar todo en 2k o 1080 sin preocuparte en unos cuantos a√±os esta es una buena opci√≥n.",5,NA
"113","Graphics Card","ASUS TUF Gaming GeForce RTX‚Ñ¢ 4060 Ti OC Edition Gaming Graphics Card","Viviana Hurtado","Reviewed in Mexico on May 31, 2024","5.0 out of 5 stars","",5,NA
"114","Graphics Card","ASUS TUF Gaming GeForce RTX‚Ñ¢ 4060 Ti OC Edition Gaming Graphics Card","Rogelio",NA,"","Una gr√°fica muy buena a un excelente precio. Los materiales se sienten de calidad y el funcionamiento excelente.",5,NA
"115","Graphics Card","ASUS TUF Gaming GeForce RTX‚Ñ¢ 4060 Ti OC Edition Gaming Graphics Card","Nedick Dufrein",NA,"Substantial upgrade from a GTX1060! Give the 4060ti a chance, it‚Äôs really all you need.","",5,NA
"116","Graphics Card","ASUS TUF Gaming GeForce RTX‚Ñ¢ 4060 Ti OC Edition Gaming Graphics Card","Nedick Dufrein",NA,"5.0 out of 5 stars","Es una belleza, una joya y va de maravilla, sobre todo si te gusta que haga juego con los dem√°s componentes de la misma marca. La recomiendo a todos aquellos, que al igual que yo, armar√°n su primer PC Gamer. No se arrepentir√°n, no le pide nada a las de 12gb o 16gb. Ya que ning√∫n juego es tan exigente hasta ahora. Los 8GB que trae, bastan y sobran para un excelente rendimiento a la hora de buscar calidad precio y eficiencia. Recomiendo 100% para quien va a tener su primera PC Gamer de gama media alta.",5,NA
"117","Graphics Card","GIGABYTE Radeon RX 7600 XT Gaming OC 16G Graphics Card","Hiro","Reviewed in the United States on November 14, 2024","5.0 out of 5 stars","I bought this used as a gift, and in the short amount of testing I thought it was rather good card for what I spent. Plus, it looked brand new.",5,NA
"118","Graphics Card","GIGABYTE Radeon RX 7600 XT Gaming OC 16G Graphics Card","Ramon Hernandez Perez","Reviewed in the United States on November 18, 2024","","Works great!",5,NA
"119","Graphics Card","GIGABYTE Radeon RX 7600 XT Gaming OC 16G Graphics Card","Ramon Hernandez Perez","Reviewed in the United States on October 28, 2024","Works good","It works well,  speedy performance",5,NA
"120","Graphics Card","GIGABYTE Radeon RX 7600 XT Gaming OC 16G Graphics Card","Amazon Customer","Reviewed in the United States on September 30, 2024","5.0 out of 5 stars","Under load it crashed and powered down my pc. When I tried starting it up again, it would power on (lights and fan working) but wouldn‚Äôt detect my display. I got about 10 minutes of gaming in when it crashed.A couple of times I unplugged it, plugged it back in And it would detect my display until I got back into the game and it would crash again and refuse to find a display.Not sure what the issue is, but when not under load it did amazing. Had to swap it back out with my rx 580 unfortunately.Sometimes you just draw the short stick and get a faulty product which is why I still give it 4 stars. If you get one that works it is an amazing card for the price.",5,NA
"121","Graphics Card","GIGABYTE Radeon RX 7600 XT Gaming OC 16G Graphics Card","Robert King","Reviewed in the United States on October 29, 2024","","This is and awesome graphic card. Works great. Upgraded from Nvidia 1080 TI to this one. And very very pleased I made the switch to Radeon.",4,NA
"122","Graphics Card","GIGABYTE Radeon RX 7600 XT Gaming OC 16G Graphics Card","steven","Reviewed in the United States on August 31, 2024","Great Quality for the price.","Paired with a r5 7600x this card is the bottleneck, but for the price it‚Äôs awesome. I have yet to find a game it struggles with. Time spy score with this combo is 12118. Down sides, fans can get loud under heavy load. Upside is battlefield 5 at 1440 ultra setting is consistently over 100 fps and looks awesome",5,NA
"123","Graphics Card","GIGABYTE Radeon RX 7600 XT Gaming OC 16G Graphics Card","Amazon Customer","Reviewed in the United States on November 10, 2024","5.0 out of 5 stars","Changed gpu to this model since the specs on my old card were not the best for newer games. Installed with no issues. Few weeks later got a blue screen, then black. Restarted system, checked for driver updates (it was up to date) reinstalled drivers ect ect. Tried multiple titles including low requirement indie titles. Now when i turn my pc on theres nothing on the screen. If i cannot resolve through regular troubleshooting means im chalking it up to a faulty graphics card and returning it",5,NA
"124","Graphics Card","GIGABYTE Radeon RX 7600 XT Gaming OC 16G Graphics Card","Amazon Customer","Reviewed in the United States on October 3, 2024","","I have been using Gigabyte products for the last 20 years. They always work out of the box with no need to update the bios. They live up to their advertising unlike ASUS which engages in what my college professorcalled ""puffery"" and I called lying. Stick with Gigabyte and Radeon powered display boards.",5,NA
"125","Graphics Card","GIGABYTE Radeon RX 7600 XT Gaming OC 16G Graphics Card","Stephen Brooks","Reviewed in Canada on September 25, 2024","Works great","Je suis sur Ryzen 7 5700X3D et je viens de passer d'une RX 6600 8gb √† cette RX 7600 XT 16gb et wowww je ne m'attendais pas √† une telle diff√©rence de performance et de qualit√© graphique! Pour moi c'est un upgrade majeur, le 16gb vas donner une long√©vit√© certaine √† cette carte versus les jeux √† venir.La carte est tr√®s bien construite, solide....... mais aussi assez massive! Donc important de v√©rifier qu'elle conviens √† votre config. L'√©clairage du logo GIGABYTE, dont on peux changer la couleur, est vraiment plaisant et on vois cela surtout dans des cartes plus chers! Oui il y a toujours mieux, toujours plus chers.... mais pour moi elle comble tout mes besoins pr√©sent et futurs. Du beau,bon, et surtout pas cher en 2024 c'est rare. C'est l√† que cette Gigabyte viens combler le vide, qualit√© versus le prix avec une tr√®s bonne carte offerte √† prix raisonnable! On en veux tous pour notre argent, et c'est ce que vous obtiendrez avec cette Gigabyte RX 7600 XT.",1,NA
"126","Graphics Card","GIGABYTE Radeon RX 7600 XT Gaming OC 16G Graphics Card","John Smith","Reviewed in France on October 27, 2024","4.0 out of 5 stars","",5,NA
"127","Graphics Card","GIGABYTE Radeon RX 7600 XT Gaming OC 16G Graphics Card","S Desjardins","Reviewed in Australia on July 29, 2024","","Top",5,NA
"128","Graphics Card","GIGABYTE Radeon RX 7600 XT Gaming OC 16G Graphics Card","S Desjardins","Reviewed in Canada on November 22, 2024","Faulty card but when it worked it was amazing","Nothing to dislike as the card performs better than expected some lagging if I run the card on max settings.",5,NA
"129","Graphics Card","GIGABYTE Radeon RX 7600 XT Gaming OC 16G Graphics Card","Zadigue Karine","Reviewed in Australia on December 1, 2024","5.0 out of 5 stars","I love This graphics",5,NA
"130","Graphics Card","GIGABYTE Radeon RX 7600 XT Gaming OC 16G Graphics Card","Tony Paterson",NA,"","Crashes my PC all the time, had to switch back to my old GFX card. I used DDU to uninstall previous drivers multiple times, checked memory slots, SSD slots, etc. with no avail.",4,NA
"131","Graphics Card","GIGABYTE Radeon RX 7600 XT Gaming OC 16G Graphics Card","Alvaro flores",NA,"Awesome",NA,5,NA
"132","Graphics Card","GIGABYTE Radeon RX 7600 XT Gaming OC 16G Graphics Card","Alvaro flores",NA,"5.0 out of 5 stars",NA,5,NA
"133","Graphics Card","GIGABYTE Radeon RX 7600 XT Gaming OC 16G Graphics Card","Michael",NA,"",NA,1,NA
